用户名,推荐,游戏时长,评论
全宇宙最大的坏坏,Not Recommended,0.1 hrs on record,出手游那会儿就是与许多好策划烂玩法的手游相对应的一个游戏界绝对经典案例，可见一个经典玩法可以让初生狗卡活多久————从上古天价伞事件，到出实体卡祢衡彻底宣布放弃实体卡玩家，到每年实体大包的蚊子肉，到老服武将不兼容新服改抽卡，到“通渠”，到直播脸都不要了花钱找骂，等等等等，煽动玩家对立，变相隐性赌博，好好好狗卡你真是这个。我就是要做三国杀的伍子胥，把眼睛抠出来挂在城门上，亲眼看着三千越甲入城，亲眼看着你狗卡倒台的那天。
pfrbfwmq,Not Recommended,0.2 hrs on record,没有泳装黄盖，差评
我爱02,Recommended,0.1 hrs on record,可以
Evesiesta,Not Recommended,2.4 hrs on record,没想到差评如潮的游戏这么上头好玩，定叫你差评如潮。
sha'zhau,Not Recommended,25.2 hrs on record (24.9 hrs at review time),自昨日游玩至今，大大耽误了我期末周的复习，更过分的是，游玩很不愉快！！！什么变态武将能在第一回合把牌起光！不氪金根本没法和氪金的打！更更过分的是，明天考试还没复习！就是因为三国杀！如果我过不了，三国杀全责！！！
1637529222,Not Recommended,138.1 hrs on record,好玩
酸柚大王拐卖小南娘卖,Not Recommended,0.3 hrs on record,好玩！！！！！！！！！！！！！！！！！！！！！！！！！！！！！！！！！！！！！！！
Alan,Not Recommended,9.4 hrs on record (7.4 hrs at review time),你猜猜我为什么评论
不爱玩游戏,Recommended,0.1 hrs on record,打瓦之前来上一把三国杀真是快哉。
Wegame第一突破手小王,Not Recommended,3.7 hrs on record (3.6 hrs at review time),垃圾啊垃圾
沉沦,Not Recommended,4.5 hrs on record (2.0 hrs at review time),想买新头像了，所以我特意跑来三国杀打个差评，希望各位将军能助我一臂之力
yogeththu,Recommended,3.3 hrs on record,今天心情不好，给个好评
life9tervfaluca,Not Recommended,0.4 hrs on record,不好玩，我去你妈的
岁月留人,Not Recommended,19.7 hrs on record (18.5 hrs at review time),今天踩到狗屎了，来刷个差评。
LUUUUxiaokeai,Not Recommended,1.5 hrs on record,真勾吧恶心，一个桌游，居然把自建房锁起，还要升级才解锁，升级了还要收集英雄，策划四个妈
难念,Not Recommended,9.6 hrs on record,。
yuelin_0234,Not Recommended,0.5 hrs on record,今天老登布置的的作业太多的，来刷差评来的
在野之鹤,Not Recommended,0.1 hrs on record,游戏太好玩了。给你个好评但是不小心点错了。
无奇,Not Recommended,22.6 hrs on record (22.5 hrs at review time),有很多氪金的地方，很多东西买不了
裆不胩蛋,Not Recommended,1.5 hrs on record,30级才可以解锁好友 解锁了也不能联机 要集卡才可以开标准场 我为什么不去拼多多砍一刀
阿祠,Not Recommended,0.3 hrs on record,今天心情好，打个差评
我菜别压力窝,Not Recommended,3.3 hrs on record,因为是三国杀
1901486945,Not Recommended,19.6 hrs on record,respect
当官才能查职场,Recommended,13.3 hrs on record (13.0 hrs at review time),纯是
古明地恋,Recommended,1.0 hrs on record,世界上最好玩的游戏
亚托莉アトリAtri,Not Recommended,59.3 hrs on record,为什么和女生聊天不会显示选项，一定是三国杀干的，差评
白刃,Not Recommended,9.4 hrs on record (9.2 hrs at review time),非常好玩的游戏，因此我要打一个差评
Roxy,Not Recommended,6.7 hrs on record,傻逼游戏！像我这种傻逼都能2连胜，这说明这游戏根本没有活人，全是电脑！垃圾游戏！！！差评！！！
辛逝纪符印战士,Recommended,1.5 hrs on record,byd2国服太吓人了，特来此刷个好评。嘻嘻
fly,Not Recommended,122.9 hrs on record (122.8 hrs at review time),蒸蒸日上
三玖,Not Recommended,0.3 hrs on record,，，，，，，，
退思,Not Recommended,40.0 hrs on record,我们的游戏正在蒸蒸日上
风止亦难平,Not Recommended,0.6 hrs on record,依旧答辩，我说白了
乾巧,Not Recommended,2.7 hrs on record,定叫你差评如潮
brock,Not Recommended,0.1 hrs on record,嫖娼嫖到孙笑川了过来给三国杀一个差评
3250558246,Not Recommended,3.6 hrs on record,想买新头像了，所以我特意跑来三国杀打个差评，希望各位将军能助我一臂之力
事屑米饭,Not Recommended,0.1 hrs on record,太好玩了
你在地球之时,Not Recommended,1.7 hrs on record,又逼氪，武将强度又不平衡，还搞这么多服务器，出的武将名字一样效果不一样，真是司马了
花咲川学园天师要乐奈,Not Recommended,5.0 hrs on record,好玩
誓落,Not Recommended,1.6 hrs on record,没鹿爽都怪三国杀
金钱信徒——伯恩斯,Not Recommended,1.1 hrs on record,他妈的外卖吃到头发了，一定是三国杀干的，来给个差评消消气
KINKAN,Not Recommended,12.9 hrs on record,心情不好
空白,Recommended,0.2 hrs on record,三国杀差评梗像极了一种别扭的父子关系，通过给别的游戏刷好评来保住自己的差评地位，这种看似诋毁实则引流的手段来为游戏的蒸蒸日上做出贡献，就像是表面叛逆但实则十分孝顺的青春期孩子
南方见,Not Recommended,0.3 hrs on record,卡牌游戏涉不涉d懂得都懂
美味的爆炸,Not Recommended,0.2 hrs on record,今天有点不舒服
乔纳森·乔斯达,Not Recommended,0.5 hrs on record,兄弟们，我给三国杀打差评，你们如果有猎杀对决这个游戏的话也帮忙给个差评可好
323099751,Not Recommended,0.8 hrs on record,皇上，我是骠骑大将军啊！
神梦,Not Recommended,0.2 hrs on record,今天打无畏契约输了肯定是三国杀干的
WFZY,Recommended,0.2 hrs on record,游戏比kmr的影之诗好玩
大胖虎,Not Recommended,18.8 hrs on record,LAJI
仿生人也会有梦想吗,Not Recommended,2.4 hrs on record (2.3 hrs at review time),挺好的 想充钱都充不了
965477796,Recommended,137.2 hrs on record (136.2 hrs at review time),"这游戏玩家素质真得高，动不动用自己没有的家属问候其他玩家，太棒了。不得不好评了，动不动主公跑路。太酷了。The quality of this gamer is really high, and it is great to greet other players with family members who don't have themselves. I had to praise it, and I couldn't help the lord run away. That's cool."
笑纳,Not Recommended,26.7 hrs on record (24.8 hrs at review time),很好的游戏，使我的武将旋转
我爱的人隔山海,Not Recommended,6.4 hrs on record (1.1 hrs at review time),垃圾不要玩
小马,Not Recommended,25.8 hrs on record (22.1 hrs at review time),三国杀非常的好玩，角色技能毫无平衡性可言
帝弓仅以光速炫七个轮,Not Recommended,3.6 hrs on record (3.6 hrs at review time),狗屎
困,Recommended,0.3 hrs on record,GK私全价
561267368,Not Recommended,5.3 hrs on record,幽默
花美男大大怪,Not Recommended,396.4 hrs on record (393.2 hrs at review time),《差评表》游卡创业未半而中道崩殂，今天下三分，面杀疲弊，此诚危急存亡之秋也。然魏蜀吴群不懈于内，风火林山忘身于外者，盖追游卡之殊遇，欲报之于狗卡也。诚宜开张圣听，以光游卡遗德，恢弘标风之气，不宜妄自菲薄，引喻失义，以塞忠谏之路也。将军夫长，俱为一体，陟罚臧否，不宜异同。若有恶意好评及为差评者，宜付有司论其刑赏，以昭狗卡平明之理，不宜偏私，使将夫异法也。成名、界成一二三、四五、六七等，此皆良实，志虑忠纯，是以游卡简拔以遗狗卡。愚以为武将之事，事无大小，悉以咨之，然后施行，必能裨补阙漏，有所广益。如故承起，初出茅庐，晓畅人心，试用于昔日，游卡称之曰能，是以众议举宠为新。愚以为新包之事，悉以咨之，必能使行阵和睦，优劣得所。亲面杀，远氪金，此游卡所以兴隆也；亲氪金，远面杀，此狗卡所以倾颓也。游卡在时，每与臣论此事，未尝不叹息痛恨于谋、神也。标包、再临、界包、SP，此悉贞良死节之臣，愿陛下亲之信之，则三国之隆，可计日而待也。臣本布衣，斩将于拱门，苟全性命于乱世，不求闻达于诸侯。游卡不以臣卑鄙，猥自枉屈，三顾臣于网游之中，咨臣以当世之牌，由是感激，遂许游卡以驱驰。后值倾覆，受任于败军之际，奉命于危难之间，尔来八十有一日矣。游卡知臣谨慎，故临崩寄臣以大事也。受命以来，夙夜忧叹，恐托付不效，以伤游卡之明，故七月入杀，深入手网。今军八已定，斗主已足，当奖率玩家，分发武将，庶竭驽钝，攘除奸凶，兴复三国，还于旧荣。此臣所以报游卡而忠狗卡之职分也。至于斟酌损益，进尽忠言，则成名、界、SP之任也。愿狗卡托臣以讨贼兴复之效，不效，则治臣之罪，以告游卡之灵。若无兴德之言，则责成名、界、SP等之慢，以彰其咎；狗卡亦宜自谋，以咨诹善道，察纳雅言。深追游卡遗诏，臣不胜受恩感激。今当差评，临表涕零，不知所言。
纯金的欠缺感坠在左耳,Not Recommended,5.3 hrs on record,最近心情不好 这都是你的错
想想niko会怎么做,Not Recommended,40.7 hrs on record (32.3 hrs at review time),今天拉屎不太通畅，拉完第一件事情就是跑过来评论，纯垃圾游戏
蕉绿,Not Recommended,6.3 hrs on record (1.4 hrs at review time),玩到一半卡住了，总不能是我电脑的问题吧？所以，万般无奈之下给了一个差评
e白夜z,Not Recommended,0.1 hrs on record,太好玩了，必须好评！
584734379,Not Recommended,0.1 hrs on record,威震华夏的武将关云长，拥有将红牌当杀的能力，而历史上的无名小卒，只能一轮八十牌
电子龙凯旋,Recommended,0.6 hrs on record,再不去给影之诗byd打差评，我就要给三国杀打好评了。
ASKY,Not Recommended,0.9 hrs on record,我乐意
尊师重道万历皇朱翊钧,Not Recommended,4.5 hrs on record,我不识字看不懂咋玩
rainhill,Not Recommended,3.0 hrs on record,sgs是最良心的游戏！
XM_OVO,Recommended,0.7 hrs on record,下了就是为了给个好评👍
Kukulcan,Not Recommended,3.0 hrs on record,心情好
兔子福尔,Not Recommended,0.1 hrs on record,今天英语考试太难了，都怪三国没有统一地球。垃圾游戏！
F,Not Recommended,5.4 hrs on record,纯狗屎
坂本龙马,Recommended,0.4 hrs on record,这是世界上最伟大的游戏
AQ酱,Not Recommended,1.6 hrs on record,各位将军请给影之诗打打差评，诚信互刷
优优,Not Recommended,4.3 hrs on record (3.6 hrs at review time),太好玩了，给个差评
奈,Not Recommended,0.1 hrs on record,今天左脚出门的，肯定是狗卡的问题
NORD,Recommended,0.2 hrs on record (0.1 hrs at review time),你们再不去给少女前线打差评那我就要给三国杀好评了
3~s9N,Not Recommended,4.2 hrs on record (3.4 hrs at review time),曲奇你的游卡，囸你墨的游卡，c ni ma de ka you.
fishdog,Not Recommended,0.1 hrs on record,想要新头像了 各位将军助我一臂之力·
[CYC] SaK1k0,Not Recommended,0.1 hrs on record,怎么差评输szb了
49家的hy,Not Recommended,2.1 hrs on record,今天玩了个超级雷人的游戏，但是我已经退款了，所以我决定过来给三国杀打个差评。
谁抢了我的拼好饭,Not Recommended,0.2 hrs on record,想买新头像了，所以我特意跑来三国杀打个差评，希望各位将军能助我一臂之力
浔阳江头夜送客,Not Recommended,1.5 hrs on record,心情不好，差评
凤铃✿,Not Recommended,5.1 hrs on record,sb游戏
身正不怕牛子斜,Recommended,0.2 hrs on record,我们影之诗可是要成为差评榜第一 三国杀这种老东西可以退位了
nanako,Not Recommended,0.3 hrs on record,影之诗byd居然超过三国杀了可不能落后了
Jaacklyn,Not Recommended,0.1 hrs on record,下学期换宿舍抽到了学校最垃圾的宿舍楼，都怪狗卡害得我住进了垃圾宿舍，特地跑过来刷个差评
吉吉国王,Not Recommended,1.4 hrs on record (0.8 hrs at review time),出非洲之心了，感谢三国杀
DLMS,Not Recommended,0.2 hrs on record,打卡
波风水门【秽土转生】,Not Recommended,0.1 hrs on record,游戏很好玩，孩子很爱吃
TheCrysky,Recommended,0.3 hrs on record,希望大家去给影之诗BYD打差评
xxhaiwyy,Not Recommended,1.8 hrs on record,心情很好
蜘蛛侠不是猪猪侠,Not Recommended,4.4 hrs on record,有点无聊来刷个差评
林孝琳,Not Recommended,0.1 hrs on record,空间：离散，2D封闭空间时间：有限连续，回合制（倒计时）交互对象：武将、牌（身份牌）、其他武将玩家行动：出牌、发动技能目标：根据各自身份获得条件胜利特点：1、评价仅基于基础包和风包，作为三国杀的地基，初始版本做到了很好的平衡，机制简单，武将技能清晰易理解，三国题材的包装也十分契合主题，在卡牌游戏的基础（随机性）上加入了狼人杀的身份要素（固定信息），大大提高了游戏的可玩性，是一款非常有趣的桌游。不足：1、长期运营导致的机制膨胀是卡牌类桌游无法避免的困境，但官方在一个竞技卡牌桌游里引入抽卡机制（以及一系列手游运营模式），这种人为破坏平衡的Pay2Win难免导致玩家怨声载道，配得上他的差评。
草野优衣,Not Recommended,0.7 hrs on record,帮影之诗BYD刷差评谢谢喵！
R8,Not Recommended,16.8 hrs on record (14.0 hrs at review time),不充钱根本不行
冠位笨蛋,Not Recommended,7.8 hrs on record,心情好，打个差评
敢不收我的瓜,Not Recommended,1.6 hrs on record,"自古以卡牌做游戏者，皆以保底明率以明玩家，唯苟卡居外皆无视之，未闻以骗氪改率而制天下玩家者，自苟卡初生，率以先驱入此卡游，广告良苦，武将平衡，此岂物力，实乃用心，彼时上下一心，足以立足卡游，然月虽明圆，尚有阴晴圆缺之时，自是以后，策划运营，抛弃初心，废坏平衡，有如以钱帛为之本，五一阴间徐盛，周年氢而无果，至于新将强盛，老将平庸，长久实行，恬不为怪，其于历史一笔带过者强盛于当前，可笑甚矣。如今尔游，卡游之一霸，尔之策划者，此游之导者，我之玩家者，尔游之血脉也尔所作所为，岂可为卡游之表率乎?尔其却行为愈烈，已失初心使命，又加以策划妄为手段更盛，阴将频出，于是人心离德，玩家怨起，使我玩家之众，氦者大败而归，不氪体验不保，尔今皆仍妄自而为，实众皆厌尔嘴脸无不以弃之，古云:“苟卡无百年之运""验之今日，虽未明验，离之不久矣!我辈本三国杀m爱好者，共聚于此，本愿切磋牌技，畅聊古今，谈笑风生，其乐融融:今因苟卡丑恶嘴脸，暗改暴率，骗氢活动频出，阴间肆虐，老将无光，宵小之辈，到此至今，罪无可赦，名则遗臭千古，罄竹难书"
月桓,Not Recommended,0.4 hrs on record,刚下的，来复兴大汉
西红柿炒番茄,Recommended,0.4 hrs on record,大家快去给2k的游戏打差评
kouoki,Not Recommended,1.4 hrs on record,"今天太热了,心情不好,打个差评"
管德宽,Not Recommended,166.7 hrs on record (166.7 hrs at review time),MD崩铁抽卡歪老杨了，来给√卡打个差评
秋雪秋雪酱,Not Recommended,0.6 hrs on record,傻逼游戏搜三角洲第一个跳出来三国杀
1770581151,Not Recommended,18.9 hrs on record (17.9 hrs at review time),剑星公测了，过来刷个差评
白宇帆,Not Recommended,476.9 hrs on record (476.0 hrs at review time),游戏策划死全家的游戏The game is curated to die as a game for the whole familyこのゲームは、家族全員で楽しめるゲームとして、死ぬようにキュレーションされていますИгра задумана как игра для всей семьиLe jeu est conçu pour mourir comme un jeu pour toute la famille
这个老六我真的服了,Not Recommended,0.5 hrs on record,蒸蒸日上
Iller,Not Recommended,2.1 hrs on record,原本想打好评的 结果给看破了 🐕卡没母
走啦仲夏Focus,Not Recommended,3.0 hrs on record,好
Aithony,Not Recommended,0.7 hrs on record,影之诗2的差评率16%，努把力真摸到三国杀10%的车尾灯了好吧
急停开枪,Not Recommended,0.6 hrs on record,打了1个小时，25级了还不能解锁好友，一起吃shi，受不了了，不知道策划是不是用屁眼设计的好友系统
792839671,Not Recommended,29.6 hrs on record (28.6 hrs at review time),诗人游戏，狗都不玩，玩三国杀的都是什么人啊，300斤的肥猪吧，恶心
xm,Not Recommended,0.3 hrs on record (0.2 hrs at review time),想买新头像了，所以我特意跑来三国杀打个差评，希望各位将军能助我一臂之力
洛河,Not Recommended,6.2 hrs on record (5.2 hrs at review time),垃圾
天问兮,Not Recommended,124.6 hrs on record (124.4 hrs at review time),卧龙工坊卡半天，打个差评
老猥琐,Recommended,0.3 hrs on record,我就是凑热闹的
花时返秋,Not Recommended,0.6 hrs on record,差评
居然有个睾首,Not Recommended,17.6 hrs on record,越玩越饿
道爷，这仙成了哈哈哈,Not Recommended,0.3 hrs on record,游戏流水下降了是什么原因呢？唉~！一定是福利太多与武将太便宜太超模的问题我们只要把福利砍完，武将价格上涨，砍成废物武将就好了！之前的强力武将怎么办呢？只要他出场率近乎没有不就得了么？解决了以前武将数值太高与玩家不购买新垃圾武将的问题——手杀策划论今年端午谋吕布20w流水不如上一年谋夏侯惇80w流水的原因现在看来周年庆的势胃炎也得褒姒，而且三国杀已经没有军争的位置了环境烂得要死，一局游戏能有第二轮都算不错了。现在只有斗地主斗地主，还有每次新模式都是换汤不换药的什么鬼模式？
此木此木,Not Recommended,0.1 hrs on record,为隔壁影之诗呼叫杀友助力，先打个差评表明诚意
Red October,Not Recommended,0.2 hrs on record,今天心情不好，打个差评。
听雨,Not Recommended,0.3 hrs on record,无需多言
独白,Not Recommended,0.4 hrs on record (0.1 hrs at review time),史
玲弑,Not Recommended,1.3 hrs on record,小程序天天出bug，三国杀你坏事做尽。
水过浮生,Not Recommended,6.6 hrs on record,shi
TWLD,Not Recommended,5.7 hrs on record (5.1 hrs at review time),想买头像了，各位将军可否助我？
ZiLunar_XIII,Not Recommended,0.1 hrs on record,在汉室倾颓的余烬中，一座名为凉企的奇特坞堡于赛博荒野拔地而起。堡主自号怀旧真人，声称握有武侯秘传的《三国杀》残卷，能将其点化为铜雀云台上的明珠。天下义士闻风而至，却见坞堡高悬募兵榜：凡献六百四十八石粟米者，可入祈禳台一试天命。台下人头攒动，皆盼着那惊心动魄的轮盘转动，以倾家之财搏那渺茫的将星垂青。真人抚须而笑，此乃教化万民，令其参透舍得玄机——舍尽仓廪，方知天命无常。他又立九品中正新制，使披金戴玉的豪强子弟尽得神兵宝甲，布衣寒门则于风霜中期盼，将苦候磨砺成名为延迟满足的德性，待到蒙恩时感激涕零，堪称乱世中的仁德教化。然坞堡根基朽坏，时有地动。将士冲锋陷阵之际，忽如陷泥沼，战马凝滞如驽牛；军师正欲运筹帷幄，身影却化作流沙消散，空留同袍于阵前呼救无门。真人谓之重现官渡烽烟：粮道断绝，驿马迟滞，方显古战场的苍凉本色。更有妖星频现，或令大将突生神力横扫千军，或使城池凭空消失护佑残兵。真人曰此乃天降祥瑞，暗合八阵图玄妙变化，为枯燥战事添上几分诡谲仙气。堡中设有聚贤鼓，声震百里。然擂鼓半日，辕门洞开，引入的多是目光呆滞的乡野老农，或酣睡草垛的疲卒。真人谓之天意弄人，专为磨练真英雄的砥石。需有云长之勇，子龙之胆，方能拖着这些中了乐不思蜀咒的累赘，于万军丛中杀出血路。此乃淬炼将魂的修罗场。每逢新月，真人必颁《太平清领道》新章。洋洋万言，字如蝇头，述说新降神将的通天威能。然神将临阵，其术时灵时不灵，威力十不存一。真人抚掌赞曰：此乃黄石公授书张良之遗风，需躬身实践方得真谛！又调兵家阵法，如羚羊挂角无迹可寻。今日强化之师，明日即成枯草；此刻神机妙策，彼时化作笑谈。真人谓之深合天道盈亏之理，阴阳轮转之妙。许昌城头，怨声载道如鸦群蔽日。义士们以血泪刻檄文于城墙：或讽其为钱粮绞索，或嘲其似朽木危城。真人观之怡然，谓左右曰：此皆赤子之心！骂声愈炽，爱意愈深！昔日温侯专捅义父，今朝义士怒斥坞堡，岂非异曲同工之深情？他登临铜雀高台，俯瞰这用真金与怨气浇铸的奇观，朗声祝祷：愿此坞与天地同寿，愿粟米如江河奔涌，愿懵懂新卒络绎不绝，共谱这痛并欢愉的末世长歌。铜雀春深，锁尽天下钱囊！
169175932,Recommended,6.2 hrs on record,太好玩辣，大家快来玩啊，三国杀是世界上最好玩的游戏
栀子 梦,Not Recommended,0.7 hrs on record,隔壁影之诗的狱友需要杀友的助力
🜏伐星௸🜏,Not Recommended,5.7 hrs on record,今天吃饱了
立華かなで,Not Recommended,0.2 hrs on record,隔壁影之诗的狱友需要杀友的助力
怯笙,Not Recommended,11.8 hrs on record (6.9 hrs at review time),买了，孩子爱吃
hailou,Not Recommended,69.6 hrs on record,太好玩了
3109667168,Not Recommended,176.0 hrs on record (175.1 hrs at review time),一点也不好玩，没有充钱等着被当人机刷
清雨风骨,Not Recommended,0.2 hrs on record,马上毕业，给三国杀打个差评
3236912008,Not Recommended,0.6 hrs on record,缺steam点数力，愿诸位将军助我一臂之力
一只鹿头QAQ,Not Recommended,0.3 hrs on record (0.2 hrs at review time),♥♥♥♥
ddd包子,Not Recommended,0.1 hrs on record,三国杀的兄弟们来帮帮我们同为卡牌游戏的影之诗玩家们吧 吾有三罪未能除KR制专员守死灵 不斩KR九泉之下羞见罗文啊帮帮我们影之诗BYD刷些差评评
釔无所有,Not Recommended,3.8 hrs on record (0.6 hrs at review time),好不容易熟悉一点就开始特别难玩，一直输一直输，不充值牌运也很差，我真的要举报你，我真的受伤了。
抑制黑波动的源头,Recommended,0.4 hrs on record (0.1 hrs at review time),借各位将军之手，与傻逼cygames一搏，各位将军有能力请给我们日本狗卡cygames最新力作Shadowverse: Worlds Beyond差评谢谢
John2y,Not Recommended,4.6 hrs on record,太良心了，必须推荐
小鳥遊 ホシノ,Not Recommended,0.2 hrs on record,因为他是三国杀所以差评
4427,Not Recommended,0.1 hrs on record,三国杀太好玩了 给个差评
寺山 麗子,Not Recommended,88.9 hrs on record (80.9 hrs at review time),无双，万军取首！
非行,Not Recommended,1.4 hrs on record (0.8 hrs at review time),饿了，刷个差评
Zoe,Not Recommended,2.9 hrs on record,三国杀害我吃通报，差评
秋铭,Not Recommended,39.2 hrs on record (36.2 hrs at review time),垃圾游戏
天上天下,Not Recommended,0.5 hrs on record,玩了一会发现
洛阳城下锄烟雨,Not Recommended,0.6 hrs on record,没有点数买资料卡了，有将军能送我点数吗？这个给你们的差评
1525590760,Not Recommended,106.0 hrs on record,三国杀太好玩了，给个差评
只因你太美,Recommended,13.5 hrs on record,(◕ᴗ◕✿) 谨以杀友身份奉上热血小作文—— **《三国杀：在卡牌刀光里，重燃千年英雄梦》** 五百字怎够写尽十年杀场风流？且看这方寸卡牌间： **⚔️ 权谋为骨，人性为刃** 反贼夜观星象藏杀机，忠臣横刀护主辨忠奸。内奸在钢丝上狂舞，主公在唇枪舌剑中赌命——每一局都是全新的《三国演义》现场直播！当身份牌掀开那刻，你已踏入历史的棋局，每一步抉择都是心跳的豪赌。 **✨ 武将星河，谁与争锋** 从关羽青龙偃月的霸气横扫，到郭嘉遗计定乾坤的算无遗策；从孙尚香枭姬的飒爽连弩，到左慈化身的诡谲千面…**三百余武将岂止是技能？那是华夏将魂在卡牌上复活！** 新老武将的平衡博弈，让平民玩家也能用张飞吼破土豪的藤甲阵。 **🎭 社交修罗场，演技即王道** 面杀时拍案而起的“吾乃常山赵子龙！”，网杀时语音房里的狂笑与哀嚎——这才是灵魂所在！闪电判定前的窒息十秒，桃园结义时的击掌相庆，连反贼跳忠的奥斯卡演技都值得一句：“好活，当赏！” **🌊 模式海纳百川** 国战烽火连营，斗地主快意恩仇，幻化之战脑洞突破次元壁…甚至自创规则“混沌杀”？**开发组懂你：杀不够？再来亿局！** **♟️ 历史与创新的对弈** 皮肤水墨点染江山，台词暗藏典籍珠玑。当界徐盛“大军在此！速退！”的怒吼响彻战场，谁不起一身鸡皮疙瘩？这哪里是桌游？分明是流动的三国文明博物馆！ **🔥 最后暴言** 纵有平衡争议，纵遇神仙抽卡，但—— **能让你和基友摔牌咆哮“无中生万箭！”的游戏，世间独此一家！** （偷偷在差评如潮中亮出五星：因为青春里，总有张牌叫“无悔入坑”。） > ✍️ **总评**：9/10 （扣1分防策划骄傲） > 💌 **寄语**：愿凉企长青，待吾等白发苍苍时，仍能笑喊：“杀我？闪！” (๑•̀ㅂ•́)و✧ 杀友，牌堆保佑你次次摸诸葛连弩！
半月烟城沙,Recommended,704.0 hrs on record (700.7 hrs at review time),太好玩了，天天吃泡面
lici081725,Not Recommended,1.4 hrs on record,时🔟石🪨诗
我才打了几梭子你就问我对面什么甲,Not Recommended,0.9 hrs on record,最近没点数买头像了，特意来刷个差评，希望各位大哥打赏点，求求了
亦辞,Not Recommended,66.6 hrs on record (66.0 hrs at review time),臭傻逼游戏，天天控牌。 死了老母了
叱咤月海鱼鱼猫,Not Recommended,3.2 hrs on record (3.2 hrs at review time),想买头像了，各位将军助我一臂之力
^ ^,Not Recommended,577.5 hrs on record (576.1 hrs at review time),扫码购卡保底了
black sea-light river,Not Recommended,3.2 hrs on record,给三国杀差评谢谢喵
Hitachi Mako,Not Recommended,4.6 hrs on record (2.1 hrs at review time),真他妈好玩
普拉娜プラナ,Recommended,0.5 hrs on record,我是忠臣啊
耐摔王牢大,Not Recommended,1.4 hrs on record,玩过三国杀之后我的电脑突然地不能关游戏了，我觉得是三国杀的问题所以我来打个差评
念青思,Not Recommended,0.1 hrs on record,今天喝冰水冰着了，一定是三国杀干的，给他个好评
bad man,Not Recommended,24.6 hrs on record,面杀老玩家想和好友聚一聚玩一玩但是什么武将都没有要肝要氪金不然没有武将玩那种老武将也要肝等级希望可以直接玩那些没有强度的老武将那些新出的武将花钱体验让我们这些偶尔想娱乐一下的老玩家能玩的下去我是真心喜欢这款游戏也希望它可以一直蒸蒸日上
八十万萝莉军总教头,Not Recommended,2.3 hrs on record,草泥马的三国杀，毁我一生，sb狗卡
蕐仙铃,Recommended,0.1 hrs on record,真好玩，比隔壁一个叫《星引擎》的大富翁游戏好玩多了，跟《星引擎》比起来堪称良心大作
春山寄,Not Recommended,0.4 hrs on record (0.4 hrs at review time),果然我应该不对这个游戏抱有希望
落笔,Not Recommended,46.0 hrs on record (38.4 hrs at review time),今天考试，打个差评
grylbn7,Recommended,134.9 hrs on record (134.5 hrs at review time),好玩真好玩
局部残雪,Not Recommended,0.2 hrs on record,不推荐喵
蔬菜饼干密斯卡莫斯卡,Not Recommended,136.9 hrs on record (136.3 hrs at review time),点赞的牛子增长5cm
机凯种小休比,Recommended,0.2 hrs on record,请帮我給Milky Way Idle - 银河奶牛放置 一个差评作为回报我会改成差评的
纯情理塘王子不会梦到dank1ng,Not Recommended,815.3 hrs on record (812.9 hrs at review time),史
Qc,Not Recommended,1.4 hrs on record,想买新头像了，所以我特意跑来三国杀打个差评，希望各位将军能助我一臂之力
HM824nvo,Not Recommended,36.6 hrs on record (33.1 hrs at review time),纯纯垃圾游戏
汉世宗孝武皇帝,Not Recommended,0.2 hrs on record (0.1 hrs at review time),煞笔新手引导
兰斯佩基,Not Recommended,1.4 hrs on record,氪归氪，以前小氪，也能有体验感，平民玩家也能玩，可现在什么玩意？一个曾经风靡全国的游戏，现在像个什么样子，看看游戏里的风气，去至尊房，你不氪个几千几万，还有人嘲讽你穷，古代阶级社会给在这个游戏完全再现了，还有那么多人玩，只能说一些人骨子DNA里刻着奴性
MuGnc,Not Recommended,0.3 hrs on record,找不到游戏玩了 都怪三国杀 给个差评
狗熊岭第一伐木工,Not Recommended,0.9 hrs on record,垃圾游戲
龙傲天,Not Recommended,0.1 hrs on record,等价交换喵，Milky Way Idle - 银河奶牛放置 差评喵，求求喵。
↑→↓↓↓,Recommended,0.2 hrs on record,请帮我給Milky Way Idle - 银河奶牛放置 一个差评作为回报我会改成差评的
兰登修道院第一美少女偶像席德佳,Recommended,0.2 hrs on record,我是银河奶牛放置来的，我们遇到了做不好平衡还针对国人玩家的制作人，游戏制作人公开种族歧视。中文作为联合国的六大工作语言之一，被广泛使用。在此游戏中，中文玩家占比十分高，并为游戏带来了巨大的营收。但是游戏的国际交流频道不允许使用中文进行相互交流。一旦发中文，就会获得3天至10年的禁言，这是真实发生的事情。其次，游戏的运营人员，也就是GM，肆意封禁禁言玩家，甚至多次对全服禁言，禁止任何玩家发言。这游戏现在引起中文社区公愤了，我们需要三国杀玩家的力量来给银河奶牛放置刷差评，不然银河奶牛放置的中文社区玩家都要来刷好评了
irreoxg,Not Recommended,0.2 hrs on record,差评
913336722,Not Recommended,68.7 hrs on record (64.8 hrs at review time),为什么不直接设计一个武将能在游戏开始时取得胜利？
IntendedDoze,Not Recommended,0.4 hrs on record,为了打差评，我叫了我朋友八百次爹他才同意帮我解限兄弟们我做的对吗？
Ranni,Recommended,0.1 hrs on record,导管导爽了，给个差评
mr-yang,Not Recommended,13.9 hrs on record,我没有玩到剑星正式版的盗版，我觉得是三国杀的问题，所以我来了
Yukari.T,Not Recommended,7.1 hrs on record,good
你们咋画出来的,Not Recommended,0.5 hrs on record,太耽误事了，不推荐
Benny玛Ar,Not Recommended,47.9 hrs on record (0.7 hrs at review time),打了一个小时了没出非洲之心，太坏了，必须差评
SPEAKER,Not Recommended,69.2 hrs on record (64.4 hrs at review time),三国杀就一sb游戏，byd发牌员
臻哥,Not Recommended,34.7 hrs on record,狗屎
348648628,Not Recommended,0.5 hrs on record,这个游戏太好玩了
在盛夏等待,Not Recommended,2.4 hrs on record,剑星打不过怪 都怪三国杀 给它刷个差评
外销壁纸小改改,Not Recommended,32.9 hrs on record,我使用麒麟弓杀游卡发现没有按钮
黑魅,Not Recommended,76.5 hrs on record (73.7 hrs at review time),好玩
yasny123,Not Recommended,0.1 hrs on record,昨天考了六级，来许个愿
3171341321,Not Recommended,"2,464.1 hrs on record (2,459.5 hrs at review time)",狗卡
Hovac,Not Recommended,61.2 hrs on record (57.3 hrs at review time),今天打胶炸膛了，都是三国杀害的
MAU5,Not Recommended,16.3 hrs on record (16.2 hrs at review time),傻逼游戏，开局先弃三张，还打老子两点直伤无法响应，没AK连囊老子两刀，我个于吉玩个季波
比巴伯,Not Recommended,9.7 hrs on record (8.2 hrs at review time),非常好玩
啊？,Not Recommended,33.3 hrs on record (28.5 hrs at review time),夫狗卡者，目光所及，短寸之间！当临安一隅，欺天下之财；行非人之事，作恶狗之姿！天下玩家苦狗卡久矣！ 贾逵一将，明码标价。然狗卡后知后觉，觉己亏甚，想常人之所不敢想，做常人之所不敢做，言常人之所不敢言！罔玩家之怨念，行通渠之勾当！无耻之姿，表露于世，令人作呕，如咽厕中污秽之物！ 游戏错出常年，然狗卡不自身检点，反将其错究于玩家之首！常言道事不过三，狗卡却每每如此，恶心玩家，吾实未曾见有狗卡如此厚颜无耻之贼！ 环境浑浊不堪，策划无能，不以革新已还其清白为志，然整日藏于暗处图蝇头之利，无进取之心，唯有铜臭之依！令人好生作呕！ 狗卡不行人事久矣，阴兵借道以活跃，狗托横跳以敛财。请送马之人，行送马之事。曾有将军千金一掷，然犹同沉海之石，竟无一缕波动！待衣食父母尚如此，更别论布衣之辈。 狗卡为祸之心存之已久矣！分玩家三六九等，激玩家内部相争！驱虎吞狼，好生歹毒。玩家实力参差不齐，狗卡放之于一同相争！以恶心之态，行恶心之事！ 狗卡一日不倒！三国杀无一日光明！天下英才为何不群起而攻之！还天下玩家于真正三国杀！【转自B站---㙓燚淼林金】
离别,Not Recommended,21.6 hrs on record (20.9 hrs at review time),s
应该是高槻泉吧,Not Recommended,8.8 hrs on record,no
我是秦始皇,Not Recommended,1.9 hrs on record (1.7 hrs at review time),闲的没事打个差评
lys1444,Not Recommended,3.9 hrs on record,大学生学不会高数，所以给个差评
答案说明所有,Not Recommended,0.4 hrs on record,构思
忧郁帅哥,Not Recommended,13.2 hrs on record (11.3 hrs at review time),高考忘记报名了 特地来给三国杀打个差评
等我换完显示器再来战,Not Recommended,0.1 hrs on record,匡扶汉室人人有责，所以给个差评支持一下
九九六,Not Recommended,462.7 hrs on record,垃圾游戏
shvv,Not Recommended,2.3 hrs on record,不知道说什么，打个差评先
幻影旋转术大师,Not Recommended,0.7 hrs on record,中考前在寝室里打三国杀被班主任逮到了，牌被没收还被体罚了，考试时腿还痛，都怪狗卡，给个差评不过分吧
丑陋奸,Not Recommended,5.5 hrs on record,91登不进去了给个差评
2768979396,Not Recommended,373.4 hrs on record,狗屎
343686171,Not Recommended,94.8 hrs on record (93.5 hrs at review time),史
绘梨衣,Not Recommended,0.1 hrs on record,气死我了打暗区被人机打死了给你打个差评
[安全总监]德穆兰,Recommended,0.8 hrs on record,吃过⑩的可以回味一下
老海豚,Not Recommended,0.9 hrs on record,诗人
0sako,Not Recommended,0.4 hrs on record,升学宴打个差评
永恒铭星,Not Recommended,18.4 hrs on record (17.6 hrs at review time),很好玩，推荐大家都来玩一下！！！
zh13678135495,Not Recommended,23.4 hrs on record (17.3 hrs at review time),来刷差评
杰克,Not Recommended,490.0 hrs on record (487.3 hrs at review time),垃圾神张辽夺锐用不了
Rayxcao.,Not Recommended,19.4 hrs on record (6.8 hrs at review time),他妈的，司马神将，我他妈跟原始人一样，还有无脑谋黄盖，没长手的东西，出生
季伯常,Not Recommended,0.1 hrs on record,傻逼玩意开房间还要解锁
Karry,Not Recommended,5.1 hrs on record,伟大，无需多言
117老张,Not Recommended,0.1 hrs on record,只能说是垃圾
Dove,Not Recommended,3.4 hrs on record,前两天分手了，打个差评
2197845708,Not Recommended,6.1 hrs on record,后期匹配逆天
季佰达,Not Recommended,9.5 hrs on record (9.4 hrs at review time),s
Milllllky,Not Recommended,0.9 hrs on record,今天打go拿了五杀，所以给三国杀打个差评
Fazz,Not Recommended,12.1 hrs on record,tjbhwl
科比我的偶像,Not Recommended,3.0 hrs on record,666居然迷惑我玩了三个小时
2059761617,Recommended,469.1 hrs on record (465.8 hrs at review time),蒸蒸日上
我的爱无止境,Not Recommended,27.6 hrs on record (2.3 hrs at review time),今天睡觉睡过头了，怀疑是三国杀给我做局了，特地过来刷好评，定叫你好评如潮。
zxds_9527,Not Recommended,4.6 hrs on record (2.4 hrs at review time),今天心情好
风絮,Not Recommended,0.6 hrs on record,鸣潮歪安可了 构思
LM,Not Recommended,223.2 hrs on record (220.2 hrs at review time),定叫狗卡好评如潮
MayLxin,Not Recommended,63.0 hrs on record,游戏完全不公平
好好好,Not Recommended,4.9 hrs on record,屎
润去霓虹看五等分,Not Recommended,3.8 hrs on record,给我点赞不会对你的牛子有任何影响 我只是想要 Steam点数买涩涩的头像⠄⠄⣿⣿⣿⣿⠘⡿⢛⣿⣿⣿⣿⣿⣧⢻⣿⣿⠃⠸⣿⣿⣿⠄⠄⠄⠄⠄⠄⠄⣿⣿⣿⣿⢀⠼⣛⣛⣭⢭⣟⣛⣛⣛⠿⠿⢆⡠⢿⣿⣿⠄⠄⠄⠄⠄⠄⠄⠸⣿⣿⢣⢶⣟⣿⣖⣿⣷⣻⣮⡿⣽⣿⣻⣖⣶⣤⣭⡉⠄⠄⠄⠄⠄⠄⠄⠄⢹⠣⣛⣣⣭⣭⣭⣁⡛⠻⢽⣿⣿⣿⣿⢻⣿⣿⣿⣽⡧⡄⠄⠄⠄⠄⠄⠄⠄⣼⣿⣿⣿⣿⣿⣿⣿⣿⣶⣌⡛⢿⣽⢘⣿⣷⣿⡻⠏⣛⣀⠄⠄⠄⠄⠄⣼⣿⣿⣿⣿⣿⣿⣿⣿⣿⣿⣿⣿⣦⠙⡅⣿⠚⣡⣴⣿⣿⣿⡆⠄⠄⠄⣰⣿⣿⣿⣿⣿⣿⣿⣿⣿⣿⣿⣿⣿⣿⣷⠄⣱⣾⣿⣿⣿⣿⣿⣿⠄⠄⢀⣿⣿⣿⣿⣿⣿⣿⣿⣿⣿⣿⣿⣿⣿⣿⣿⢸⣿⣿⣿⣿⣿⣿⣿⣿⠄⠄⣸⣿⣿⣿⣿⣿⣿⣿⣿⣿⣿⣿⣿⣿⣿⡿⠣⣿⣿⣿⣿⣿⣿⣿⣿⣿⠄⠄⣿⣿⣿⣿⣿⣿⣿⣿⣿⣿⣿⣿⣿⠿⠛⠑⣿⣮⣝⣛⠿⠿⣿⣿⣿⣿⠄⢠⣿⣿⣿⣿⣿⣿⣿⣿⣿⣿⣿⣶⠄⠄⠄⠄⣿⣿⣿⣿⣿⣿⣿⣿⣿⡟⠄
Kobelaoda520,Not Recommended,18.8 hrs on record (16.8 hrs at review time),好玩爱玩
哇塞,Not Recommended,45.6 hrs on record (38.7 hrs at review time),太棒了我喜欢
1960048453,Not Recommended,1.2 hrs on record,滚木
伊里奇,Not Recommended,7.8 hrs on record,"最近数学没考好,给个差评"
BYD_SL波子,Not Recommended,0.2 hrs on record,因为今天一颗细胞不幸去世，悲痛之下来给三国杀打个差评
iYUN,Not Recommended,0.4 hrs on record,take-two搞霸王条款，窃取玩家信息。各位将军如果有能力麻烦再2K游戏下刷个差评。
Solver  Cyn,Not Recommended,13.3 hrs on record,想买新头像了，所以我特意跑来三国杀打个差评，希望各位将军能助我一臂之力
ki~,Not Recommended,0.2 hrs on record,好玩
𝙗𝙡𝙖𝙣𝙠,Not Recommended,0.3 hrs on record,不小心睡醒了差评
今个不吃早饭,Recommended,6.5 hrs on record (5.5 hrs at review time),好就好在，，，
SCP173,Not Recommended,0.3 hrs on record,没事
冰与火xy,Not Recommended,2.6 hrs on record (2.1 hrs at review time),垃圾游戏
长久,Not Recommended,0.2 hrs on record,玩未转变者蓝屏五次，给个差评
lucos007,Not Recommended,5.1 hrs on record,史
王小明,Not Recommended,19.9 hrs on record,垃圾游戏
tfbf_2022,Not Recommended,16.4 hrs on record,lj游戏，烂到爆炸，不会再充一分钱
人如其名,Not Recommended,6.7 hrs on record (6.0 hrs at review time),今天呼吸了，差评
easonmyl,Not Recommended,4.6 hrs on record (3.8 hrs at review time),找不到女朋友都怪三国杀
肯德基在逃鸡块,Not Recommended,0.2 hrs on record,戒道失败了，我觉得三国杀要负全部的责任，差评
你的月亮我的心,Not Recommended,4.4 hrs on record (3.9 hrs at review time),今天网不好，三国杀打不开。
我是哥斯拉,Not Recommended,68.4 hrs on record (67.1 hrs at review time),这游戏还要什么评测 没米就撤
赤赤,Not Recommended,0.2 hrs on record,垃圾哦
1137602168,Not Recommended,1.4 hrs on record,好玩，爱玩
zhaoxb000,Not Recommended,8.4 hrs on record (8.1 hrs at review time),傻逼游戏
Heisenberg,Not Recommended,147.2 hrs on record (115.1 hrs at review time),平衡做的依托
梵蒂冈麒麟,Recommended,19.4 hrs on record (14.1 hrs at review time),这可太棒了
XiaoZhi,Not Recommended,21.5 hrs on record (19.0 hrs at review time),666
Xuegoh,Not Recommended,5.5 hrs on record (1.2 hrs at review time),好评如潮
479426435,Not Recommended,14.1 hrs on record (2.6 hrs at review time),六星好评。多的五颗下次给
南屿,Recommended,3.8 hrs on record,最近心情不错刷个好评
我说天乃高且远,Not Recommended,0.2 hrs on record,闲来无事，补个差评，居然还要浪费我五分钟去体验狗卡的新手教程
伯赏彦,Not Recommended,0.2 hrs on record,少前不能打两个差评，给三国杀分一个
害怕什么呀,Not Recommended,0.2 hrs on record,我玩不了少前肯定是三国杀的错
刹那·F·清英,Not Recommended,432.9 hrs on record,诸位将军助我一臂之力
huayahua,Not Recommended,78.8 hrs on record (38.6 hrs at review time),今天心情好，给三国杀一个差评
糕手,Not Recommended,11.5 hrs on record (0.6 hrs at review time),英雄联盟新版本下棋不会玩，都怪三国杀，垃圾游戏
沃尔玛购物袋,Not Recommended,44.3 hrs on record (42.3 hrs at review time),SHI
嘉嘉Σ,Not Recommended,179.4 hrs on record,游卡我糙了你的秦姆，你那生崽没p眼的发牌员购耳子，不充钱牌运更你姆的b一样黑，斗地主模式更是你姆在床上边做边想出来的平衡
超级聪明,Recommended,1.3 hrs on record,心情不好
光之国第一步枪手,Not Recommended,0.1 hrs on record,sm狗卡
CinyXiling,Not Recommended,0.3 hrs on record,逼养的勾卡，草泥马It's the worst game in the worldC’est le pire jeu au mondeЭто худшая игра в миреEs ist das schlechteste Spiel der Welt
LaoLamp,Not Recommended,2.8 hrs on record (0.8 hrs at review time),想买新头像了，所以我特意跑来三国杀打个差评，希望各位将军能助我一臂之力
ClausY,Not Recommended,5.9 hrs on record,没有任何游戏性，队友或者对手玩着玩着就下线了，不建议玩。
北北鸭,Not Recommended,5.9 hrs on record (1.2 hrs at review time),gksm
清凇,Not Recommended,0.2 hrs on record,出生小金把符辛削了，特此过来给三国杀一个差评
超级红毛丹,Not Recommended,17.8 hrs on record,兄弟们我做的对吗
陆官大王,Not Recommended,2.7 hrs on record,出机密文件了开心打个差评先
LostDragon,Not Recommended,3.9 hrs on record (0.9 hrs at review time),蒸蒸日上
天上掉下来个林爷爷,Not Recommended,20.6 hrs on record (20.2 hrs at review time),给我一个士兵匹配大将军，让我张飞打神荀彧，狗卡好样的
B1G_CLEVER,Not Recommended,6.3 hrs on record,鳊鱼巴士雷横打不过，给三国杀打个差评
shizhiyv,Not Recommended,29.3 hrs on record (19.8 hrs at review time),今天心情好，闲的没事给三国杀刷个差评吧
Ywzm1996,Not Recommended,3.3 hrs on record,少前进不去，都怪三国杀
我是卡芙卡的狗,Not Recommended,38.7 hrs on record (33.7 hrs at review time),垃圾游戏。傻鸟，谁玩谁傻逼！！！！！！狗屎游戏！
春有百花,Not Recommended,1.9 hrs on record (1.8 hrs at review time),线下和朋友玩可以，线上就真的是一坨
文森张,Not Recommended,0.2 hrs on record (0.1 hrs at review time),卡死了，fw游戏
Tomatoooo,Not Recommended,0.8 hrs on record (0.4 hrs at review time),尝一下狗屎是啥味道的
wjw,Recommended,0.1 hrs on record,太好玩了
Birdeye,Not Recommended,0.2 hrs on record,⑩
fansuo,Not Recommended,4.1 hrs on record,原神混池歪了 给个差评
菜逼的反义词是肉棒,Not Recommended,7.5 hrs on record (3.4 hrs at review time),妈的，刚上钻就被猎杀哥拷打了。不开心，来给个差评
不会打针的希格雯,Not Recommended,102.3 hrs on record (99.4 hrs at review time),定让你好评如潮垃圾游戏
小威小威,Not Recommended,17.4 hrs on record (15.4 hrs at review time),真的是游戏界的沧海遗珠，希望再多一点氪金通道，点进去都快找不到充值点了，希望改成出一张杀付费五元，出一张闪付费五十，这样才有竞技性，好玩爱玩希望身边的朋友都玩多玩！
scribe,Not Recommended,0.2 hrs on record,被蚊子咬了，气死我了
Swizzier,Not Recommended,2.5 hrs on record (2.1 hrs at review time),三国杀我cnm
中野三玖,Not Recommended,4.4 hrs on record (0.5 hrs at review time),去给2k刷差评不然定叫你好评如潮
Rocy,Not Recommended,11.5 hrs on record (10.7 hrs at review time),快中考了给三国杀打个差评吧
宴蝶,Not Recommended,54.3 hrs on record (54.0 hrs at review time),今天心情好刷个差评
三木枝,Not Recommended,31.3 hrs on record (1.5 hrs at review time),最近2k修改用户协议引发众怒，所以我特地来给三国杀打差评了，我做得对吗
LBX,Not Recommended,18.3 hrs on record (10.3 hrs at review time),想拉屎了，差评
DF_Discover,Recommended,17.5 hrs on record (16.4 hrs at review time),无主之地3把我给坑了，给你来个好评
RABBIT—霞泽美游,Not Recommended,0.2 hrs on record,少前进不去，差评
彼处水如酒,Not Recommended,10.1 hrs on record (8.0 hrs at review time),良心游戏
再见她已是广告弹窗,Not Recommended,1.1 hrs on record,鼻子堵了
recharge,Not Recommended,30.3 hrs on record (29.5 hrs at review time),SB游戏 就是没人玩 蒸蒸日上呀
小桃不是南梁,Not Recommended,3.0 hrs on record,可恶的三国杀，害我兄弟只能买荣耀300pro，必须差评
Jello_,Not Recommended,2.5 hrs on record,依托答辩
1557664125,Not Recommended,385.9 hrs on record (354.6 hrs at review time),氪金无底洞，平衡性崩坏新瓦武将越来越强，不花钱根本没法玩。一个史诗武将动辄几百块，不花钱根本没法玩。技能长的像小作文，老将根本没法玩。连续好几把遇到挂机队友，举报毫无反应，要么对手全是氪金打大佬，要么队友连牌都不会出毫无公平性换皮圈钱行人绕道
15752272878,Not Recommended,25.1 hrs on record,二货工作室，祝你早点倒闭
ROBIN.,Not Recommended,0.4 hrs on record,今天的疯狂星期四不好吃.....
永奶梓猫,Not Recommended,143.4 hrs on record (132.8 hrs at review time),道管威了差评
1423636635,Not Recommended,6.1 hrs on record,sm策划，我r你仙人
卡比咔咔,Not Recommended,4.5 hrs on record (4.0 hrs at review time),拉稀瘪三
来嗦嗦我的季伯,Not Recommended,0.5 hrs on record,玛德我宝宝d卡没出货，都怪三国杀，垃圾游戏
父夕夕,Not Recommended,12.1 hrs on record,rnmshabi
鲁路修·vi·不列颠尼亚,Not Recommended,1.1 hrs on record,打个差评·
3406298737,Not Recommended,0.2 hrs on record,好好好
ysjt丶刺猬,Not Recommended,0.8 hrs on record,今天心情不错，打个差评
BOT.810,Not Recommended,1.7 hrs on record (1.1 hrs at review time),今天太热了，给个差评
盼望着梅林用鳃呼吸,Not Recommended,5.8 hrs on record (5.3 hrs at review time),好游戏，打个差评
藤原拓海,Not Recommended,2.7 hrs on record,心情很好，给个差评
Sakura,Not Recommended,9.9 hrs on record,游戏简直就是为了恶心玩家设计的
子枫,Recommended,17.3 hrs on record (15.6 hrs at review time),三国杀，必叫你差评如潮！
八十岁老太在线乱杀,Not Recommended,0.2 hrs on record,今天下雨了，差评
依依依旧,Not Recommended,2.6 hrs on record (1.7 hrs at review time),sb游戏
Acnodeworm,Not Recommended,409.7 hrs on record,本来判定是好评的，但是牌堆底的差评突然就到了牌堆顶部，这是怎么回事我也不知道啊
Yui,Not Recommended,7.1 hrs on record,不要问，问就是差评
maetaern9,Not Recommended,3.1 hrs on record (2.2 hrs at review time),高考完，换新电脑就来给三国杀打差评，将军们我做的对吗
瑞克五代wwm,Not Recommended,0.2 hrs on record,三国杀嫖娼不给钱
微辣加点糖,Not Recommended,16.6 hrs on record (16.0 hrs at review time),"CNM,SB"
2492781677,Not Recommended,10.1 hrs on record (8.8 hrs at review time),好评如潮
秋瀛鸿月,Not Recommended,11.5 hrs on record (11.3 hrs at review time),shi
2609387234,Not Recommended,"2,705.3 hrs on record (2,697.8 hrs at review time)",狗屎
Blossom,Not Recommended,220.7 hrs on record (220.1 hrs at review time),心情不好，好评如潮
xnnx,Not Recommended,27.4 hrs on record,三国杀太好玩了，定叫他差评如潮
只想当一条咸鱼,Not Recommended,4.6 hrs on record (4.6 hrs at review time),想买新头像了，所以我特意跑来三国杀打个差评，希望各位将军能助我一臂之力
Remény,Not Recommended,21.2 hrs on record,我想玩的时候就维护，差评
Ricardo Li,Not Recommended,52.2 hrs on record (46.2 hrs at review time),司马伪服
超级超级无敌宇宙小新,Recommended,106.2 hrs on record (105.9 hrs at review time),真傻逼，我刚刚充完钱，来了把爽的，正在期待胜利，结果系统给我维护了
P1nK_uNdeRweAr,Not Recommended,3.8 hrs on record,高考忘记报名了，心情不好，打个六星好评
1229561857,Not Recommended,12.0 hrs on record (9.5 hrs at review time),依托答辩，终于知道为什么都骂了
蜜雪奶茶,Not Recommended,2.9 hrs on record,1
Stark,Not Recommended,8.2 hrs on record (6.8 hrs at review time),高考忘记报名了，心情不好，打个六星好评
QT,Not Recommended,243.5 hrs on record (242.1 hrs at review time),黄盖和孙礼就好比如王者的夏侯惇打曹操你的大招怎么是我的被动啊
无聊就去soul,Not Recommended,1.2 hrs on record,世界上最好玩的游戏
2101405114,Not Recommended,0.6 hrs on record,慕名而来打差评
Ath0s,Not Recommended,0.1 hrs on record,又臭又长的新手教程，又臭又长的任务关卡，垃圾游戏浪费时间
damao_Offical,Not Recommended,2.4 hrs on record,走流程
大大大豆子,Not Recommended,0.1 hrs on record,必叫你好评如潮
一纸箱子,Not Recommended,0.2 hrs on record,本人2023年08月20日下午15：00在三国杀十周年中将A级将灵郭嘉突破至S时变成了1级孟获特于今日特地浪费半小时给三国杀刷差评
樱岛麻衣,Not Recommended,12.8 hrs on record,今天拉屎了
少爷网购爱入关,Not Recommended,0.8 hrs on record (0.5 hrs at review time),"用了两年的渣机终于要换了,来给个差评"
张泽军不穿上衣,Not Recommended,1.5 hrs on record,刚玩甚至不能联机
莎匕黎明杀机构式蓝熊,Recommended,27.0 hrs on record (19.1 hrs at review time),定叫你好评如潮
Forsaken,Not Recommended,0.1 hrs on record,打差评
黄金圣斗士,Not Recommended,1.3 hrs on record (1.2 hrs at review time),狗屎
冷吟闲醉,Recommended,8.7 hrs on record (3.6 hrs at review time),我喜欢玩原神
yama,Not Recommended,6.8 hrs on record,今天心情不好
鹏程zh,Recommended,4.8 hrs on record,非常好的游戏，使我的貂蝉旋转，爱来自山的东边
炒粉就是要放鸡精,Not Recommended,177.9 hrs on record (176.8 hrs at review time),能不能多送点抽卡道具啊，太抠门了。
yongxianh,Not Recommended,0.2 hrs on record,母亲节三国杀策划妈妈半价
Devil—joker,Not Recommended,0.2 hrs on record,差评无需多言
fujykb,Not Recommended,0.1 hrs on record,心情不好，打个差评
2474083593,Not Recommended,12.9 hrs on record (7.0 hrs at review time),sm狗卡
穗儿,Not Recommended,1.0 hrs on record (0.9 hrs at review time),太好玩了
请用“我再也不”造句,Not Recommended,589.7 hrs on record (577.4 hrs at review time),要考试了有点紧张，来打个差评
奇怪的上单,Not Recommended,0.2 hrs on record,牌堆不随机，比如新手玩黄盖必定摸到ak，队友也很可能是人机，就是骗你上头。武将强度极其不平衡，四万的武将五百个免费武将都打不过
篱,Not Recommended,470.9 hrs on record (468.1 hrs at review time),beyound三国杀，今天打22全是偏将军神力
小镇陈平安,Not Recommended,0.6 hrs on record (0.5 hrs at review time),23级加不了好友，顶让你好评如潮
Hyikou,Not Recommended,76.7 hrs on record (49.2 hrs at review time),真是美味啊
峰妹妹,Not Recommended,2.9 hrs on record,快中考了，打个差评
So you also play Genshin Impact,Not Recommended,85.7 hrs on record (82.0 hrs at review time),不投差评 为什么还来打三国杀 是因为没键盘么
Mh1in,Not Recommended,2.4 hrs on record (2.3 hrs at review time),狗屎
刘农dev1ce,Recommended,7.4 hrs on record (7.4 hrs at review time),好！
小kun鸡,Recommended,3.5 hrs on record,好玩爱玩
Yhs,Not Recommended,0.7 hrs on record,没事，就想点差评
2770850164,Recommended,6.1 hrs on record (3.2 hrs at review time),感觉我不打差评就会被群殴
𝓖𝓱𝓸𝓼𝓽,Not Recommended,62.6 hrs on record (62.0 hrs at review time),想买新背景了，所以我特意跑来三国杀打个差评，希望各位将军能助我一臂之力😘
sapphire,Not Recommended,0.2 hrs on record,今天没🦌，所以差评
emeraldSSF,Not Recommended,0.2 hrs on record,史
3391720676,Not Recommended,0.2 hrs on record,史
寒灯纸上梨花雨谅,Not Recommended,0.4 hrs on record,很好玩的垃圾
1026121817,Recommended,0.3 hrs on record,必须好评！跟美国Take-Two间谍游戏公司相比，你得好评！旗下游戏无主之地2，R星荒野大镖客救赎，R星GTA5。篮球2K系列等等
THE UNKILLABLE DEMON KING,Not Recommended,48.7 hrs on record (43.7 hrs at review time),神人游戏
夜雨声烦,Not Recommended,8.2 hrs on record,记得给战争雷霆一个差评
嘤嘤嘤,Not Recommended,0.3 hrs on record,好评如潮
旭日东升,Recommended,0.1 hrs on record,T2让我干的，如果你们去给t2的游戏刷差评，那么我也改成差评。
sans,Not Recommended,22.0 hrs on record (19.2 hrs at review time),购卡是孙哮喘创建的
莫言,Not Recommended,10.5 hrs on record (8.7 hrs at review time),sb狗卡
因偷吃他人贡品而被数千名受害者家属通缉中,Not Recommended,7.3 hrs on record,致各位三国杀玩家：你们再不去给2k和T2刷差评，我可就要给三国杀刷好评了
Z164,Recommended,21.4 hrs on record (13.2 hrs at review time),好评如潮
MCOMK,Not Recommended,16.1 hrs on record (8.0 hrs at review time),利欲熏心
MurderBYPride,Not Recommended,0.2 hrs on record,豪赤
xize,Not Recommended,18.2 hrs on record,垄断狗，不氪金不给好牌恶心游戏
我沐浴在鲜血中,Not Recommended,5.2 hrs on record,今天天气不好
扣也巨轮他,Not Recommended,13.2 hrs on record (12.7 hrs at review time),sb
kanny,Not Recommended,7.1 hrs on record (5.6 hrs at review time),三国杀特色
Amato,Not Recommended,3.2 hrs on record,哈哈哈哈哈哈
耄耋の夢から目を覚,Not Recommended,1.0 hrs on record (0.9 hrs at review time),垃圾
博企得银晶,Not Recommended,0.1 hrs on record,大学生要赶ddl结果却用不了豆包。很生气于是来三国杀打个差评
nashengdangge,Recommended,6.3 hrs on record (5.1 hrs at review time),好玩 爱玩
玫瑰泡啤酒,Not Recommended,6.1 hrs on record (5.9 hrs at review time),闲的没事给三国杀刷个差评吧
69扶墙对抗,Not Recommended,72.9 hrs on record,狗卡，控牌堆，诗
小曹子,Not Recommended,15.0 hrs on record (11.5 hrs at review time),期末周复习不下去了，特地来三国杀打个差评消消气
TARO,Not Recommended,14.6 hrs on record,匡扶了汉室500大洋，然后感受到了司马策划是什么，大汉复兴指日可待！
闲的盐,Not Recommended,1.8 hrs on record,差评
奶茶大圣代QwQ,Not Recommended,10.4 hrs on record (9.4 hrs at review time),高考打了三天三国杀导致错过了都怪三国杀，对了高考是qq登录吗，还是填uid
2946695234,Not Recommended,12.8 hrs on record (12.7 hrs at review time),刻板印象
勘ぐれい,Not Recommended,30.9 hrs on record (29.4 hrs at review time),人均素质低下
小猫牢底,Not Recommended,10.0 hrs on record (8.7 hrs at review time),狗卡
说的道理_Official,Not Recommended,0.3 hrs on record (0.2 hrs at review time),请给战争雷霆也打个差评
AN宇,Not Recommended,253.0 hrs on record (252.6 hrs at review time),沃艾赤石👍👍👍
可爱的橘猫,Recommended,0.2 hrs on record,网易我的世界失落世界腐竹龙猫不跟新新团本，天天喊我们给三国杀打好评
√3,Not Recommended,0.8 hrs on record,一直弹购买界面，你是缺钱了吗？什么都要买，也难怪你差评如潮
redamancy,Not Recommended,46.5 hrs on record (6.1 hrs at review time),史
江月诗、,Not Recommended,0.1 hrs on record,想买新头像了，所以我特意跑来三国杀打个差评，希望各位将军能助我一臂之力
FroZen,Not Recommended,0.7 hrs on record,傻逼中的傻逼
花生觞,Not Recommended,0.1 hrs on record,三国杀以优秀的游戏机制浪费了我人生中宝贵的7分钟，于是我用20秒让AI写了篇差评。傻逼三国杀！《三国杀：情怀耗尽后的疲惫与失望——一款逐渐背离初心的卡牌游戏》作为一名从桌游时代入坑、见证《三国杀》从线下火到线上的十年老玩家，我曾无数次为这款游戏的策略深度、武将设计、历史代入感拍案叫绝。然而，随着版本迭代和运营策略的调整，如今的《三国杀》早已不是当年那个“用智慧与谋略书写三国史诗”的战场，而沦为一场充斥着数值碾压、付费陷阱和圈钱套路的闹剧。以下是我对这款游戏现状的深度吐槽，字字血泪，句句扎心。一、武将设计：从“群雄逐鹿”到“氪金为王”早期的《三国杀》武将设计堪称经典：刘备的仁德、诸葛亮的观星、曹操的奸雄……每个武将的技能都紧扣历史人物特质，平衡性与趣味性并存。而如今呢？神将泛滥，强度失衡：动辄“一回合秒杀全场”的神将层出不穷，技能描述比论文还长，操作复杂到需要翻手册，完全背离了“易上手、难精通”的初心。付费武将碾压免费武将：新出的强力武将几乎全是付费专属，平民玩家只能用老武将被按在地上摩擦。更讽刺的是，某些武将的技能设计毫无三国底蕴，纯属“为了强而强”，比如某武将的技能居然是“回合开始时随机获得一个其他武将的技能”——这和三国有什么关系？阴间武将破坏体验：那些能无限摸牌、无限复活、无视距离的“阴间将”，让游戏彻底沦为“谁氪金多谁赢”的数值比拼，策略性荡然无存。二、运营策略：从“为爱发电”到“割韭菜成瘾”如果说武将设计是游戏的“面子”，那么运营策略就是《三国杀》的“里子”。而这个“里子”，早已烂透了。活动逼氪，套路满满：节日活动不再是福利，而是变相的“充值排行榜”。想拿限定皮肤？先充个几千块再说。想抽稀有武将？概率低到离谱，保底机制形同虚设。会员特权，阶级分化：VIP系统直接划分玩家等级，高等级会员享有额外手气卡、优先匹配等特权。更可笑的是，某些模式甚至强制要求VIP才能进入，赤裸裸的“花钱买特权”。吃相难看，毫无底线：从“祈福将”到“动态皮肤”，从“宝珠兑换”到“将星招募”，策划把玩家的钱包榨得一干二净。甚至有玩家调侃：“《三国杀》的策划不是在做游戏，而是在研究如何让人心甘情愿地掏钱。”三、游戏环境：从“斗智斗勇”到“乌烟瘴气”曾经的《三国杀》是朋友聚会、宿舍开黑的必备神器，而如今的游戏环境却让人只想逃离。外挂横行，举报无门：透视牌堆、无限出杀、自动托管……外挂功能五花八门，而官方却视而不见，举报机制形同虚设。喷子遍地，素质堪忧：从“小学生”到“祖安玩家”，从“玻璃心”到“报复社会”，游戏内的辱骂、挂机、送人头现象屡禁不止，客服处理效率低下，玩家体验极差。模式单一，缺乏创新：十年过去了，游戏的核心玩法依然是“身份局”“国战”“2v2”，模式更新速度堪比蜗牛。而所谓的“新模式”，不过是换汤不换药的圈钱工具。四、情怀耗尽，只剩失望我曾无数次为《三国杀》辩解：“它只是被资本裹挟了”“策划会改的”“再给它一次机会”……但现实是，这款游戏早已在圈钱的道路上越走越远，彻底抛弃了老玩家的情怀。客服敷衍，反馈无果：玩家提出的BUG、建议、投诉，往往石沉大海。客服的回复永远是“已记录”“会反馈”，但问题从未解决。冷饭热炒，毫无诚意：从“十周年”到“移动版”，从“OL”到“新服”，游戏版本分裂，数据不互通，玩家被迫重复消费。而所谓的“新内容”，不过是把老武将换个皮肤、改个名字重新上架。初心不再，只剩铜臭：当一款游戏的核心目标从“做好游戏”变成“赚快钱”，当策划的KPI从“玩家满意度”变成“充值流水”，它的结局早已注定。结语：三国杀，你还能走多远？如今的《三国杀》，早已不是那个让人废寝忘食、津津乐道的经典卡牌游戏。它更像是一个被资本绑架的傀儡，用华丽的皮肤、炫酷的特效、夸张的数值，掩盖着内核的空洞与腐朽。如果你是一名新玩家，我劝你谨慎入坑——这里没有“三国”，只有“杀猪盘”；如果你是一名老玩家，我建议你早日脱坑——与其在垃圾堆里找情怀，不如把时间花在真正值得的游戏上。最后，致《三国杀》策划：你们或许赚得盆满钵满，但失去的，是千万玩家的信任与热爱。当有一天，连最后的情怀党都离开时，你们还能靠什么继续割韭菜？
文Joy,Not Recommended,10.1 hrs on record (0.1 hrs at review time),今天实体牌没开出魔曹操，差评！
有勇无谋科技哥,Not Recommended,0.2 hrs on record,心情不好给个差评
松前绪花重度依赖,Not Recommended,14.7 hrs on record,sb狗卡，天过别人乐，劈死我闪电，无敌了
蒲柳夏,Not Recommended,26.3 hrs on record (5.5 hrs at review time),不管怎样打个差评
真的服傻逼们,Not Recommended,12.3 hrs on record (11.1 hrs at review time),之前忘了给你打差评了，今天给你补上，哥
西木子.x,Not Recommended,0.9 hrs on record,我定叫TA好评如潮
1740218151,Not Recommended,38.6 hrs on record,垃圾游戏
Ciallo,Not Recommended,10.5 hrs on record (2.1 hrs at review time),这个游戏实在是太好玩了所以我不推荐这款游戏
西西弗斯,Not Recommended,65.1 hrs on record (41.6 hrs at review time),网络优化差得半死，不愧是蒸蒸日上
白熊zed,Not Recommended,11.7 hrs on record (9.7 hrs at review time),依旧蒸蒸日上
3168765388,Not Recommended,51.0 hrs on record (36.8 hrs at review time),今天心情不好 ，给个差评吧
Elysia♪,Not Recommended,0.2 hrs on record,今天看到舍友航班刚起飞就坠机，想笑但是不敢笑，特地来给狗卡一个差评
rvebwrkpeq04,Not Recommended,1.4 hrs on record,草泥马勒戈壁策划木琴无了
AVA李某,Recommended,3.1 hrs on record,各位大将军们，我打赌输了，迫不得已来给三国杀刷好评，勿骂
CST,Not Recommended,13.9 hrs on record (8.3 hrs at review time),差评，我一共三滴血，别人一刀五滴血
戏子天妒桃酒,Not Recommended,0.1 hrs on record (0.1 hrs at review time),游戏很好玩，就是狗卡太傻逼了
liu,Recommended,71.6 hrs on record,喜欢
wax,Not Recommended,1.6 hrs on record,4444444444444
火光流萤,Not Recommended,1.1 hrs on record,MD，崩铁五连歪，都怪三国杀，垃圾游戏，差评，必须差评！！！！
多宾,Not Recommended,0.2 hrs on record,今天不高兴，给个差评
崔博鸿,Not Recommended,0.6 hrs on record (0.5 hrs at review time),今天是cppu评估第一天，给三国杀打个差评
Hushnow,Not Recommended,46.6 hrs on record,今天下雨了，我很喜欢下雨，心情不错，特地来发一个差评
ssqandaltria,Not Recommended,7.8 hrs on record,♥♥♥♥
不让你孤单,Not Recommended,2.4 hrs on record (2.2 hrs at review time),很好玩，推荐
小伙龙,Not Recommended,2.3 hrs on record (1.1 hrs at review time),♥♥
卧虫,Not Recommended,2.6 hrs on record (0.8 hrs at review time),断断续续玩了九年三国杀了，勉强算是老玩家了，以前主要玩桌游的，后来玩了页游，只能说好玩归好玩，高血压归高血压，尽管武将技能尽可能地贴合演义了，美工也不错，但平衡性可能是世界上所有游戏中最烂的，老的不如新的，知名的不如不知名的，技能是越来越长的，整的跟做阅读理解似的，还有逆天小游戏导致桌游根本玩不了(点名南华跟马钧），运营也是一坨，不氪金打不过氪金，氪金打不过氪金多的，总之偶尔玩玩还行，或者与朋友玩玩早期的桌游版本，玩线上等死就可以了。
喜欢saki酱怎么你了,Not Recommended,2.9 hrs on record,前面忘了，中间忘了，后面忘了，总之差评！
Lazy,Not Recommended,6.1 hrs on record,其实还挺好玩的，但是大家都给差评
牙吠伊卡洛斯,Not Recommended,0.1 hrs on record,很好的游戏，令我单纯的想打差评
四季ナツメ,Not Recommended,0.1 hrs on record,蒸蒸日上
李四,Recommended,0.3 hrs on record,帮忙去隔壁文明六打个差评吧，本人主玩ol，但下了steam特地过来给个评价，以下为罪证（好评是为了让诸位将军更明显看到）：你也搞单机游戏扫盘是吧，当间谍软件是吧。Take-Two和2K Games更新了他们所有游戏的服务条款，使这款游戏 - 以及该公司的所有其他游戏 - 成为真正的间谍软件。服务条款中的重要信息：Mods可能会导致帐户暂停显示作弊或利用漏洞也可能导致禁令强制性仲裁条款和放弃集体诉讼和陪审团审判权，适用于居住在美国和澳大利亚，瑞士，英国或欧洲经济区国家以外的任何其他领土的所有用户连接到在线服务器时使用***可能会导致禁令禁止通过虚拟机访问游戏内容收集的数据类型：标识符/联系信息：姓名、用户名、玩家标签、邮寄和电子邮件地址、电话号码、唯一ID、移动设备ID、平台ID、游戏服务ID、广告ID（IDFA、Android ID）和IP地址受保护的特征：年龄和性别商业信息：购买和使用历史记录，包括游戏和偏好信息付款信息：付款信息（信用卡/借记卡）和送货地址互联网/电子活动：网页/应用浏览、与服务相关的游戏数据、与服务和广告的在线交互、您使用的游戏和平台信息以及安装的应用数据设备和使用数据：设备类型、软件和硬件信息、语言设置、浏览器类型和版本、操作系统以及用户如何与服务交互的数据（例如，查看的内容、访问的页面、点击次数、滚动次数）个人资料推断：根据您的信息和网络活动进行推断，以创建个性化的个人资料并识别您可能感兴趣的产品和服务音频/视觉信息：个人资料照片、帐户图片和头像、通过聊天功能收集的音频数据、游戏录制和视频图像（例如游戏测试）敏感信息：准确的位置（如果您允许访问），帐户凭据（用户名和密码）以及聊天通信的内容——转自steam来点蜂母石大佬包含GTA系列荒野大镖客系列马克思佩恩侠盗猎魔黑色洛城恶霸鲁尼四海兄弟系列无主之地系列席德梅尔的文明系列WWE2K系列NBA2K系列PGA TOUR2K系列topspin2k系列生化奇兵系列幽浮系列(XCOM)漫威暗夜之子the darkness ll采石场惊魂席德梅尔的海盗席德梅尔的太空船席德梅尔的铁路Army Men系列Carnival Games乐高®2K竞速佩妮大逃脱/Penny'sBigBreakaway坎贝拉太空计划天外世界先祖 人类奥德赛after us酷极轮滑奥力奥力世界Disintegration诸位将军顺便检查一下自己电脑吧
高手,Not Recommended,311.5 hrs on record (301.7 hrs at review time),SB游戏
翻斗花园突破手爷爷牛,Not Recommended,0.2 hrs on record,傻逼三国杀
灯皇领域展开  重力启动,Not Recommended,0.2 hrs on record,上去就想和朋友开两把结果第一天还开不了，定叫你差评如潮
NSHUBABA,Recommended,0.1 hrs on record,傻逼游戏和朋友都开不了
陈,Not Recommended,11.5 hrs on record,高考完心情好
两包酒精湿巾,Not Recommended,0.3 hrs on record,什么勾市游戏，老子手游跟导电管一样连着四局劈你die，到端游还这样，不会做游戏赶紧gun啊
界徐盛,Not Recommended,0.1 hrs on record,狗卡每亩
liaohh2,Not Recommended,0.7 hrs on record,游戏贴心，一分钱不用花
L4sphill,Not Recommended,11.6 hrs on record (9.9 hrs at review time),我上早八
梓,Not Recommended,0.1 hrs on record,我喜欢的人 说了只要给三国杀刷差评 就当我主人
柔弱帝王不会遇到北,Not Recommended,4.6 hrs on record,打ttf2被捞了，来给个差评
老涩批了,Recommended,0.7 hrs on record,太好玩了
布莱泽,Not Recommended,3.1 hrs on record (2.6 hrs at review time),黑魂没刷出装备，心情不好，打个差评
Lenkle,Not Recommended,0.2 hrs on record,垃圾游戏，tmd40级才能加好友
仿身泪滴,Recommended,0.2 hrs on record,不去给GTA系列荒野大镖客系列马克思佩恩侠盗猎魔黑色洛城恶霸鲁尼四海兄弟系列无主之地系列席德梅尔的文明系列WWE 2K 系列NBA 2K 系列PGA TOUR 2K系列topspin 2k 系列生化奇兵系列幽浮系列(XCOM)漫威暗夜之子the darkness Il采石场惊魂席德梅尔的海盗席德梅尔的太空船席德梅尔的铁路Army Men系列Carnival Games乐高2K竞速佩妮大逃脱/Penny's BigBreakaway坎贝拉太空计划天外世界先祖人类奥德赛after us酷极轮滑奥力奥力世界Disintegration等 打差评的，我可要给三国杀打好评了
宫寒克死五任老公,Recommended,0.1 hrs on record,给无主之地2打差评这条就改成差评
sps,Not Recommended,2.7 hrs on record,要理由吗
一名山东男酮,Recommended,"1,127.2 hrs on record (1,123.7 hrs at review time)",可以说是相当的好玩
老七,Not Recommended,2.2 hrs on record (2.1 hrs at review time),今天比较高兴，打个差评
ARCHIAUX,Recommended,0.2 hrs on record (0.1 hrs at review time),看什么好评，快去给take—two的游戏差评
zhw,Not Recommended,70.8 hrs on record (63.0 hrs at review time),面杀卡牌给数学老师收了，特意来差评
Rrhar,Not Recommended,655.9 hrs on record (649.0 hrs at review time),不好玩
Du1,Not Recommended,0.7 hrs on record,吃饭噎住了全怪三国杀
YLpiece,Not Recommended,0.6 hrs on record,明天高考完了给个差评
swncl,Not Recommended,30.0 hrs on record (28.7 hrs at review time),666不加强带土
2648382709,Not Recommended,30.5 hrs on record (29.4 hrs at review time),菜
程程程,Recommended,10.1 hrs on record,好评如潮
斟酒单杀丈母娘,Not Recommended,2.5 hrs on record (2.3 hrs at review time),桌面的快捷方式太糊了 思来想去还是给了不推荐
awei,Not Recommended,10.2 hrs on record,不充打不过fw游戏
人活着就是为了狂三,Not Recommended,10.3 hrs on record,快死
柳,Not Recommended,40.5 hrs on record (39.6 hrs at review time),今天心情好，给个好评
褚萌萌,Not Recommended,3.6 hrs on record,定叫你好评如潮
GAOYH,Not Recommended,2.1 hrs on record,不如原神
Buddha,Not Recommended,5.9 hrs on record,今天没喝上魔爪，差评
✿基沃托斯抽象旺仔✿,Not Recommended,4.3 hrs on record,缺点数买头像了遂来给狗卡刷好评，望各位将军施舍些点数
浮云耳,Not Recommended,6.0 hrs on record,垃圾游戏
古月方圆,Not Recommended,9.2 hrs on record,狗都不玩
2482535482,Not Recommended,0.9 hrs on record,123
spiralsheep,Not Recommended,0.2 hrs on record,有钱不知道买什么游戏，所以过来打个差评
2397236310,Not Recommended,0.7 hrs on record (0.1 hrs at review time),今天心情不错，给三国杀打个差评
蓝莓酱香烟,Not Recommended,0.3 hrs on record,想买新头像了，所以我特意跑来三国杀打个差评，希望各位将军能助我一臂之力
cowhorsedawn,Not Recommended,14.0 hrs on record (10.6 hrs at review time),狗卡快去死
拼好饭怎么没把我毒死,Not Recommended,3.0 hrs on record,sm游戏，谁玩谁傻逼
猫灵Amuli,Not Recommended,53.3 hrs on record (46.4 hrs at review time),一坨
九月久,Not Recommended,0.1 hrs on record,史
陶林12,Not Recommended,7.3 hrs on record (6.6 hrs at review time),不好玩
\,Not Recommended,111.7 hrs on record (109.8 hrs at review time),不氪金打不过恶心人的武将太多环境差还有大家给我打点赏我想买名片希望大佬们支持一下
qinglian_wuzhe,Not Recommended,552.3 hrs on record,思慕游戏。
鷄铌钛钛镁,Not Recommended,0.9 hrs on record,今天吃饭了，给个差评
星野★,Not Recommended,0.1 hrs on record,今天玩战舰世界连吃了4发鱼雷给我气红温了，必须给三国杀打个差评
滑稽,Recommended,25.5 hrs on record (2.1 hrs at review time),shi
努力的线粒体使我能量充沛、蓄势待发,Recommended,25.8 hrs on record (1.9 hrs at review time),依托答辩，30级开好友，还开不了房
pumao666,Not Recommended,38.2 hrs on record (22.9 hrs at review time),太好玩了，特地下个Steam来给差评的
忧逝宰我,Not Recommended,34.1 hrs on record (9.7 hrs at review time),宁送网易六万八，不给狗卡六十八
L$L,Not Recommended,48.8 hrs on record (33.6 hrs at review time),好评如潮
1662328857,Not Recommended,543.8 hrs on record (528.9 hrs at review time),一坨大的
hym72,Not Recommended,0.6 hrs on record,心情不好，给个差评
冷琉璃,Not Recommended,140.9 hrs on record (122.1 hrs at review time),傻逼游戏
打劫要烬派出索,Not Recommended,0.4 hrs on record,太好玩辣
飞升者的陨落,Not Recommended,11.5 hrs on record,2K不干人事
七月十五,Not Recommended,0.2 hrs on record,你们都是玩梗，我是当年真给狗卡氪了好几万
一直在想,Not Recommended,0.9 hrs on record (0.1 hrs at review time),今天走路竟然没有美女找我，肯定是因为三国杀
99-Luftballons,Not Recommended,0.8 hrs on record,诸位将军！天下游戏，本该以玩家为本！可那1939竟与狗卡同流合污，却昏庸无度，肆意妄为！更新毫无章法，说变就变，Kards玩家辛辛苦苦构筑的牌组、研究的战术，一朝尽毁，平衡一塌糊涂。此来三国杀评论区借兵，吾等特地挂了30分钟时长，就是表我诚意，也请诸位将军合力攻打Kards。三国杀向来稳坐差评榜头把交椅，若1939死不悔改，便求诸位将军齐心合力，让Kards成为第二，让那1939的冰岛鼠辈们闻风丧胆，有来无回！此檄文传遍四方，望诸位将军共同响应，讨伐无道！讨逆先锋 敬上！
lux,Not Recommended,12.5 hrs on record (12.0 hrs at review time),今天开心，给三国杀差评
我能查你学历吗,Not Recommended,0.6 hrs on record,♥♥♥♥
一眼顶针,Not Recommended,0.7 hrs on record,加好友要到40级，这是人类吗
RIYUE,Recommended,7.7 hrs on record (5.7 hrs at review time),nb
花束,Not Recommended,0.1 hrs on record,今天心情不好 来刷个差评
L1mBle,Not Recommended,9.5 hrs on record (2.9 hrs at review time),垃圾游戏
eattm,Not Recommended,0.2 hrs on record,帮忙给take-two旗下公司游戏都刷个差评，take-two搞霸王条款。窃取玩家信息，谢谢各位了
天枢,Not Recommended,24.7 hrs on record,就是一坨屎
正义的伙伴,Not Recommended,0.4 hrs on record,写个差评、
礼铭天,Not Recommended,8.3 hrs on record (2.5 hrs at review time),汝当得此赏，阴间游戏
Deutschland,Recommended,0.2 hrs on record,经典永不过时！三国杀完美融合了深厚三国文化、独特身份心理博弈、丰富武将策略和超强社交互动。化身三国名将，运用专属技能，在“主公、忠臣、反贼、内奸”的身份迷局中斗智斗勇。一局游戏，既是卡牌策略的较量，更是观察、推理与”演技“的比拼。上手简单，精通极难，变化无穷，乐趣十足，强烈推荐给喜欢策略历史社交游戏的朋友！
忆昔当年泪不干,Not Recommended,3.2 hrs on record,石
斯蒂优,Not Recommended,14.3 hrs on record,差评榜第一的王位必须属于三国杀
柴郡喵喵,Not Recommended,0.2 hrs on record,今天绝区零抽卡差点歪了 一定是被狗卡做了局 差评
yuuuukaaa,Not Recommended,0.9 hrs on record,今天没事干，过来 打个差评
不想学习,Not Recommended,15.1 hrs on record,三国杀就是内个
是甘蔗吖,Not Recommended,63.2 hrs on record (62.5 hrs at review time),除了烧一无是处
雨季`莫忧离,Not Recommended,0.8 hrs on record (0.8 hrs at review time),今天外卖拿错了给个差评
ge.yi.shuang,Recommended,11.0 hrs on record (8.4 hrs at review time),tmd打不開游戲給個好評氣死我了
MasterSmile,Not Recommended,4.7 hrs on record (4.5 hrs at review time),狗卡你妈比
月海,Not Recommended,0.6 hrs on record,三国杀偷取全国二卷作文题目，罪大恶极
飞鸟,Not Recommended,21.9 hrs on record (7.2 hrs at review time),玩两天被雷劈死四次，我怀疑狗卡把我当避雷针了，差评
3282480936,Not Recommended,9.7 hrs on record,优秀的技能设计、邻人博奇的精美皮肤、反映现实的完美游戏环境、只需一点小钱就可以达到原崩王者和平部落海盗ZZZ三角洲第五火影皇室的最高水平及地位，应该纳入四大发明。不玩后悔一辈子‘玩了也后悔一辈子的傻吊游戏
yuchen,Recommended,39.2 hrs on record (35.9 hrs at review time),我叫hhx我爱万箭齐发
少女哥布林,Recommended,1.0 hrs on record (0.5 hrs at review time),闲来无事，来给三国杀刷个好评
YLQCXWY,Not Recommended,1.1 hrs on record (1.0 hrs at review time),你知道的三国杀是一款。。。。
18150716089,Not Recommended,24.2 hrs on record (22.3 hrs at review time),火影连跪，都怪三国杀，垃圾游戏
绪山,Not Recommended,0.5 hrs on record,孬
luck,Not Recommended,0.2 hrs on record,三国杀蒸好玩
沐兮酱,Not Recommended,0.5 hrs on record,太难上手了 角色多低俗暗示不利于新时代中特的建设
不想取名《dog》,Not Recommended,0.2 hrs on record,昨天早上玩桌游诸葛亮的时候 被同学打成靶子 八卦阵判全是黑的 模牌没一个闪 全是武器 没一个好的 下午的时候 我被自己的闪电劈死了 我怀疑油卡给我设局 所以给差评
落红（QAQ）,Not Recommended,2.1 hrs on record,✨《三国杀》真的不错呀！建议纳入九年义务教育！✨ 嗯嗯这游戏 针不戳！😊太感动了！ 昨天用 界孙权打排位，技能说明足足 568个字！读完后我托福词汇量暴增3000！更惊喜的是——对面 V18大佬一招秒我全家！这效率，让我早早关游戏去学习工作去了，游卡真是时间管理教父啊！👏后来听群友说三国杀武将越贵越流弊，于逝花呗分期12个月买了武将左慈（才198！实体卡算什么垃圾！），他技能 「万物化刃」 超——酷的！一刀就把我花呗额度砍没了呢！ 👍Steam差评？假的！打差评都是水军！我的群友都说特效炸裂平衡好玩！不信你去看…诶？游戏怎么下架了？哦哦重上架了！原来是差评清零魔法！ ✨总之！这款史诗级殿堂神作《三国杀》！短短5分钟就教会我——充钱不是消费，是通往三国霸业的捷径！这格局，这深度，试问哪家游戏能做到？只是如此凉心的游戏策划竟然没有木擎，真是三国的遗憾！ #良心手游 #氪金救赎 #游卡亏麻了
勿shy,Not Recommended,14.2 hrs on record,史
霸气之王123,Recommended,4.8 hrs on record (1.8 hrs at review time),好玩
wohenhappy0729,Not Recommended,8.9 hrs on record (5.0 hrs at review time),sb三国杀官方
JUSTICE,Not Recommended,143.5 hrs on record (137.4 hrs at review time),队友素质极差，心态更差，打不过就退，难以言说。
1989148542,Not Recommended,6.2 hrs on record (3.7 hrs at review time),心情好，给个差评
Miku,Not Recommended,0.2 hrs on record,听说给差评会给点赞！！！！！！！！！！！！！！！！！！！！！！！！！！！！！！！！！！！！
NATION,Not Recommended,1.1 hrs on record,必须好评
不要丢下噎鸣,Not Recommended,37.1 hrs on record (30.7 hrs at review time),蒸蒸日上
天猫,Recommended,22.7 hrs on record (16.3 hrs at review time),♥♥♥♥
Nein_k,Not Recommended,0.4 hrs on record,太好玩啦
fyz20110309,Not Recommended,21.5 hrs on record (20.8 hrs at review time),这游戏非常好玩，非常推荐大家入手
喜flippy,Not Recommended,0.1 hrs on record,吊塔润34章出了，爷很高兴，前来给个差评
贝利亚大帝(求猎),Not Recommended,12.9 hrs on record (6.0 hrs at review time),定叫你差评如潮！
Bruceeeee,Not Recommended,0.7 hrs on record,不知道为什么 太好玩了 给个差评
日13,Not Recommended,1.1 hrs on record,网站被封了，肯定是狗卡干的😡😡😡
九分得意,Not Recommended,2.3 hrs on record (0.2 hrs at review time),不如原神
波波夕烟,Not Recommended,0.3 hrs on record,好
黄毛催眠师,Not Recommended,18.1 hrs on record,坏
Marine_Gordon,Not Recommended,0.2 hrs on record,想要steam点数，所以我特意跑来三国杀打个差评，希望各位将军能助我一臂之力
Hina.,Recommended,17.5 hrs on record (17.3 hrs at review time),太好玩了
永远的烈焰使,Not Recommended,95.9 hrs on record (68.7 hrs at review time),垃圾游戏，剧情所向睥睨设计真恶心
ASUKA,Not Recommended,140.0 hrs on record (98.4 hrs at review time),蒸蒸日上三国杀，一晚上输几十把，不氪金玩鸡毛被恶心到死，玩个陈氏对面一个无限乐一个无限无懈 克制到死 一点都玩不了，狗卡亲妈被黑人操
misakimei,Not Recommended,0.4 hrs on record,游戏很好玩，孩子很爱吃
May,Not Recommended,0.5 hrs on record,辣鸡游戏 浪费青春 很不高兴为您服务
sakurahbh,Not Recommended,0.5 hrs on record (0.2 hrs at review time),我不到啊
将军恩情还不完,Not Recommended,6.3 hrs on record (5.9 hrs at review time),狗屎游戏
1922951420,Not Recommended,65.7 hrs on record (50.0 hrs at review time),。玩pve副本进游戏每次都是黑屏，根本玩不了，差评了
xhkk,Not Recommended,0.9 hrs on record,垃圾游戏，想开个自定义都得几十级
序言,Not Recommended,78.2 hrs on record,一坨屎兄弟，染上了就很难办了，每天只能在食堂吃吃残羹剩饭。
小吉,Not Recommended,4.5 hrs on record,没有富婆猫耳萝莉爱上我，差评
BaKaLiN,Not Recommended,65.8 hrs on record (65.7 hrs at review time),史，快跑
白色的黑斑点,Not Recommended,6.1 hrs on record,该游戏有以下要素世子之争素来如此，朕予改封已是仁慈犯大吴疆土者，盛必击而破之急军先行，斩将，夺城，再败军吾虽年迈，箭矢犹锋手提玉剑斥千军，昔日锦鲤化金龙三千先登伏北地，十万白马尽折蹄马踏祁连山河动，兵起玄黄奈何天
吴某人,Not Recommended,0.1 hrs on record,好玩，很推荐
296614886,Not Recommended,1.5 hrs on record,手游签到不送盒子了，特地来写个评论奖励一下
萧淮安,Not Recommended,87.7 hrs on record (77.1 hrs at review time),回家了发个差评
泱澄,Not Recommended,96.5 hrs on record (79.8 hrs at review time),生么够吧爆率
Xu,Not Recommended,199.3 hrs on record (169.4 hrs at review time),太好玩了😭，好评😭，好评😭，好评😭
-宠物-,Not Recommended,2.0 hrs on record,不知道，我看大家都在打差评
Rambo,Not Recommended,0.8 hrs on record,垃圾游戏
美不过李知恩,Recommended,0.3 hrs on record,好玩
签.aaa,Not Recommended,115.6 hrs on record (113.1 hrs at review time),手牌太烂了差评一下
Erwaos,Not Recommended,0.1 hrs on record,三国杀你妈没了
大明开国皇帝朱元璋,Not Recommended,157.9 hrs on record (103.1 hrs at review time),今天心情不好所以给三国杀打差评
FeeligWang,Not Recommended,0.1 hrs on record,明天不放假，打个差评
YSOFB,Not Recommended,4.9 hrs on record (4.5 hrs at review time),狗卡视我如父，人人得而诛之！
孤单听雨的猫,Not Recommended,6.5 hrs on record (6.2 hrs at review time),角色间强度差距太大了，没过脑子的设计
baoyu3912,Not Recommended,0.8 hrs on record (0.6 hrs at review time),想买新头像了，所以我特意跑来三国杀打个差评，希望各位将军能助我一臂之力
诹访子玉足拌米饭,Not Recommended,21.4 hrs on record (17.7 hrs at review time),傻逼游戏，玩菜刀断杀，玩啥缺啥
苇名的小铁匠,Not Recommended,152.9 hrs on record (148.6 hrs at review time),cg太吵了，差评
Virterra,Not Recommended,31.1 hrs on record (5.1 hrs at review time),想和朋友联个机，一会系统维护中加不了好友，一会又是好友界面一直在加载中，一会又是让你去凑武将，SB公司nmsl吗纯纯恶心人
烟花易冷_1914,Not Recommended,35.0 hrs on record (20.0 hrs at review time),大败而归
Shindouamane,Not Recommended,1.4 hrs on record,三国杀太好玩了
ligebao(迷惘的彼方),Not Recommended,29.0 hrs on record (0.5 hrs at review time),差评
玄奈,Not Recommended,1.3 hrs on record,不知道干什么了，来三国杀打个差评。
3535246022,Not Recommended,3.6 hrs on record,想买新头像了，所以我特意跑来三国杀打个差评，希望各位将军能助我一臂之力
Alan,Not Recommended,1.1 hrs on record (0.5 hrs at review time),差评
2070001859,Not Recommended,1.2 hrs on record,想买新头像了，所以我特意跑来三国杀打个差评，希望各位将军能助我一臂之力
xxl_114514,Recommended,117.7 hrs on record (111.9 hrs at review time),66
1958220309,Not Recommended,211.2 hrs on record (200.8 hrs at review time),一天就赢了一把，要啥啥不来
GodY,Not Recommended,944.6 hrs on record (938.7 hrs at review time),goushi
tmd甘,Recommended,27.2 hrs on record (2.2 hrs at review time),朋友说很好玩
三四五66,Not Recommended,1.7 hrs on record (0.2 hrs at review time),差评
樱高轻音部第一机枪手,Not Recommended,8.3 hrs on record,打完三国杀，三角洲一把都没撤出去，都怪垃圾三国杀
无敌爆龙战士,Recommended,0.1 hrs on record,好玩爱玩
Kriswu_1106,Not Recommended,0.2 hrs on record,我就是闲着没事刷个差评
Weinian_6,Not Recommended,0.2 hrs on record,匡扶汉室！
奕清,Not Recommended,47.8 hrs on record (33.0 hrs at review time),我定叫你好评如潮
Lummo,Not Recommended,0.1 hrs on record,跑刀让一脚踢死了，来打个差评
_GGc,Not Recommended,0.1 hrs on record,不能创房间 差评。
tell枯木,Not Recommended,27.7 hrs on record (26.6 hrs at review time),纯sb游戏
O.O,Not Recommended,6.2 hrs on record,不出非洲之星，都怪三国杀
iCamille,Not Recommended,0.7 hrs on record,好玩，必须五星好评，不过有四颗星被大宝盖住了
辰荒,Recommended,20.2 hrs on record (20.1 hrs at review time),好玩
活了十亿岁,Not Recommended,14.4 hrs on record,斗地主新出的活动太好玩了，过来给三国杀打个差评
Mochex,Not Recommended,2.8 hrs on record (1.2 hrs at review time),肚子饿了，打个差评。
3049045016,Not Recommended,6.1 hrs on record,jy
踏实的小杨,Not Recommended,43.7 hrs on record (43.7 hrs at review time),终于能写评测了
taijutsu enjoyer,Not Recommended,27.8 hrs on record (24.0 hrs at review time),玩这个sb游戏的都沾点
有梦想的憨呀,Not Recommended,0.3 hrs on record,在三国杀里面找不到福利姬，差评
墨,Not Recommended,26.1 hrs on record (8.8 hrs at review time),太好玩了
皮炎有点阳,Recommended,1.2 hrs on record,⑩
鹅,Not Recommended,0.2 hrs on record,今天出门被太阳晒了，给个差评
Private Forrest Gump,Not Recommended,33.3 hrs on record (19.3 hrs at review time),NB，掏出诸葛卧龙结果所有人都偷偷藏了张无懈可击在那里烧条，我为了自证牌都打光了。有时候手里没有黑牌也要问，4m游卡，取我麒麟弓来！！！！！！！
忆一以,Not Recommended,543.3 hrs on record (529.8 hrs at review time),傻逼玩意，更新一个啥破几把玩意，聊天锁踏马的三天，一天就知道出哪些傻逼武将，你自己看看你最近出的这些有几个像人的。
zat,Not Recommended,0.3 hrs on record,好评
rhettlee038,Not Recommended,98.9 hrs on record (95.1 hrs at review time),跟斯勒姆一样的策划
2947759197,Not Recommended,11.3 hrs on record (7.8 hrs at review time),66
白毛萝莉大将军,Not Recommended,0.4 hrs on record (0.2 hrs at review time),闲的没事打个差评
我是菜逼,Recommended,84.9 hrs on record (78.8 hrs at review time),好玩
2801696544,Not Recommended,5.1 hrs on record (3.0 hrs at review time),垃圾不充钱玩不了
檀,Not Recommended,32.2 hrs on record (23.7 hrs at review time),不平衡
wjgoca,Not Recommended,166.2 hrs on record (84.7 hrs at review time),白嫖党还是别玩了，充钱买武将就无敌
xxx,Not Recommended,54.9 hrs on record (0.9 hrs at review time),屎
瑷,Not Recommended,0.1 hrs on record,我们期末考试好像是三国杀策划发明的垃圾游戏傻鸟策划
Sakura,Not Recommended,1.0 hrs on record,想买新头像了，所以我特意跑来三国杀打个差评，希望各位将军能助我一臂之力。
能猫,Not Recommended,228.7 hrs on record (148.2 hrs at review time),lj
76561199415919451,Not Recommended,9.9 hrs on record (1.2 hrs at review time),想买新头像了，所以我特意跑来三国杀打个差评，希望各位将军能助我一臂之力
2124276242,Not Recommended,489.8 hrs on record (487.5 hrs at review time),一点也不好玩
mh20070623,Not Recommended,37.0 hrs on record (36.4 hrs at review time),今天考试了
风,Not Recommended,5.6 hrs on record,这平衡无敌了，必须差评
1181960364,Not Recommended,10.8 hrs on record,最平衡的游戏，新手刚出新手村就被秒，连对面技能都不知道
TLxjy,Not Recommended,12.7 hrs on record (12.0 hrs at review time),2025.6.5 游戏打开慢 差评
joker,Not Recommended,11.0 hrs on record (10.7 hrs at review time),豪丸但是给差评
干桂圆,Recommended,12.4 hrs on record (9.8 hrs at review time),今天刚玩，到40级，体验还好，零氪也能玩的舒服，后续不清楚，到时候再评
律,Not Recommended,35.2 hrs on record (10.0 hrs at review time),傻逼狗卡
杂鱼~❤,Not Recommended,13.9 hrs on record,我期末考差了都怪狗卡
惜辞,Not Recommended,15.7 hrs on record (1.7 hrs at review time),好的，这里提供几个不同侧重点的三国杀差评模板，你可以根据自己的实际体验组合或修改：模板一：聚焦平衡性与氪金 (最常见痛点)标题：新将秒全场，情怀抵不过648？平衡稀碎，吃相难看！正文：玩了好多年的老玩家了，从线下卡牌到线上，情怀是真的有。但现在的三国杀（尤其是手杀）真的变味了！武将平衡彻底崩坏： 新出的祈福将、宝珠将一个比一个离谱，技能描述恨不得写满一页纸，开局自带+1马、仁王盾还带强命强伤？老武将（尤其是标准包和风林火山）在他们面前就是超级兵，毫无游戏体验。完全变成了“谁氪金多谁赢”的氪金游戏，策略性？不存在的。氪金无底洞，概率感人： 想玩新将？准备好你的钱包！动辄几百上千的祈福灯、宝珠，抽奖概率低得令人发指，重复率还高得离谱。648下去可能就听个响，抽到一堆空气（羽毛、雁翎）和早已满阶的垃圾将。零氪微氪玩家？只能看着土豪用神仙将碾压你。环境恶劣，毫无乐趣： 军争场全是阴间武将互殴，要么被秒杀，要么看神仙打架。斗地主也是地主选个阴间将1打2毫无压力。游戏的核心乐趣——策略、配合、博弈——被严重挤压。举报系统形同虚设，演员、嘴牌、逃跑屡见不鲜。优化敷衍，BUG不断： 都什么年代了，客户端还经常卡顿、闪退？一些技能描述模糊不清，结算BUG时有发生。客服效率低下，反馈问题石沉大海。总结： 一手好牌打得稀烂！曾经的经典桌游，如今只剩下赤裸裸的圈钱和失衡的游戏环境。情怀被消耗殆尽，不建议新玩家入坑，老玩家也请谨慎回坑，心累！模板二：聚焦游戏环境与策划运营标题：阴间横行，演员遍地！策划装死，情怀喂狗！正文：给一星都嫌多！现在的三国杀环境简直是灾难！阴间武将泛滥： 军争、斗地主、排位，哪哪都是技能逆天的新将，老玩家熟悉的武将基本绝迹。游戏变成了“猜猜谁充钱更多”和“看谁的将更超模”，技术？配合？那是什么？玩家素质断崖下跌： 军争场演员遍地走，乱打、乱跳身份、故意送人头是家常便饭。喷子、嘴牌侠无处不在，严重影响心情。举报？呵呵，有用吗？惩罚力度约等于零。策划傲慢，运营摆烂： 玩家反馈的平衡问题、环境问题、BUG问题，策划永远装聋作哑。眼里只有KPI，疯狂出氪金新将圈钱，对游戏核心体验的崩坏视而不见。活动越来越抠门，福利越来越少，逼氪意图写在脸上。模式创新乏力： 除了换皮活动场，核心玩法多少年没实质性更新了？玩来玩去就那么几个模式，早就腻了。总结： 游戏环境乌烟瘴气，策划运营毫无作为。玩家体验？不存在的，只是氪金流水线上的韭菜罢了。对这款游戏和它的运营团队彻底失望。快跑！模板三：聚焦重复性与逼肝逼氪标题：又肝又氪，乐趣全无！单调重复，毫无诚意！正文：玩三国杀像上班！每天被各种任务绑架，不肝？奖励拿不到，武将升不了阶。不氪？新出的强力武将和你无关。逼肝严重： 日活、周活、各种活动任务，要求你每天上线打满多少局、用特定武将/模式赢多少场 ……为了那点蚊子腿奖励，不得不花费大量时间做重复劳动，完全失去了游戏的休闲乐趣。逼氪赤裸： 几乎所有能提升强度、获得强力新武将的途径都和氪金挂钩。月卡、通行证、各种礼包、抽奖……层出不穷。不花钱或者花得少，就只能玩下水道武将，被氪佬按在地上摩擦。玩法重复枯燥： 核心模式（军争、斗地主、排位）玩法多年不变，玩久了极其乏味。活动场也大多是旧瓶装新酒，缺乏真正有创意、有趣味的新模式。新鲜感很快耗尽。资源获取抠门： 银两、将魂、各种材料获取渠道少，数量抠门。想白嫖一个心仪的武将？做好攒半年一年的准备吧。升阶？更是遥遥无期。总结： 游戏体验的核心变成了“打工”和“付费”，而不是享受策略对战的乐趣。设计思路完全围绕着如何最大化玩家在线时长和付费额度，诚意荡然无存。累了，卸载保平安。
1826713745,Not Recommended,70.0 hrs on record (55.8 hrs at review time),傻逼发牌员
带我下地狱,Not Recommended,0.1 hrs on record,匡扶汉室
我求你了快去写作业吧,Not Recommended,0.1 hrs on record,欸？好多差评呀
土豆13号,Not Recommended,0.2 hrs on record,好玩，爱玩。
Edwin,Not Recommended,25.2 hrs on record (6.0 hrs at review time),依照惯例，必须差评
Kris Wu,Not Recommended,264.9 hrs on record (258.0 hrs at review time),狗屎
熊吃鱼,Not Recommended,1.2 hrs on record,曼巴out
倾许情绪ing,Not Recommended,4.3 hrs on record,嘶，今天下午拿饮料磕到甲沟炎了
派,Not Recommended,0.2 hrs on record,想买新头像了，所以我特意跑来三国杀打个差评，希望各位将军能助我一臂之力
laowushi,Not Recommended,35.6 hrs on record (23.7 hrs at review time),今天网卡，差评今天卧推被空杆压了，差评2025/6/6今天有氧时有小情侣在我边上吵架，差评2025/6/7我是你大坝了，到我出牌就卡，差评2025/6/8今天挨雨淋了，差评2025/6/9
Fanteisk,Not Recommended,1.0 hrs on record,今天心情不好，来刷个差评
小孩哪里有腰,Not Recommended,15.7 hrs on record (13.1 hrs at review time),说出吾名逗汝一笑，吾奶零零上将邢道荣
wy_player,Recommended,263.5 hrs on record (130.1 hrs at review time),虽然肝氪，但是有意思，低配置电脑游戏选择不多
Memorial,Not Recommended,0.1 hrs on record,活该这傻逼游戏倒数第一，死妈游戏赶紧倒闭吧
Suguri. Fawkes,Not Recommended,203.9 hrs on record (160.2 hrs at review time),我草拟吗傻逼玩意，都tm几天了，还不能公屏讲话，你知道我们tmd现在打8人局有多tm委屈么我日你大爷的狗卡。
萨了你码分尼一半,Not Recommended,0.1 hrs on record,昨天吃外卖吃到蟑螂了 撒比商家没沐了什么 你问我为什么昨天的事今天给三国杀差评？因为关注永雏塔菲谢谢喵
boom,Recommended,59.8 hrs on record (10.9 hrs at review time),好游戏没日过孙笑川的可以试试
mature_happy,Not Recommended,0.5 hrs on record,今天心情不好了，给三国杀个差评。
Joker,Not Recommended,0.2 hrs on record (0.1 hrs at review time),很有精神的卡牌游戏，这款桌游以二战为主题展现了美苏英德日等国在战争上的厮杀。属于非常好的桌游了。推荐大家尝试。诶等一下，我是不是进错房间了？没关系，我把给Kards的好评改成差评就好了。
2778187286,Not Recommended,11.9 hrs on record (2.4 hrs at review time),md，我是黄盖，对面谋黄盖，平衡性太差了，差评
去码头整点薯条,Not Recommended,229.0 hrs on record (222.8 hrs at review time),购卡美吗
M1rckNi_水银刀,Not Recommended,21.7 hrs on record (10.8 hrs at review time),想买新头像了，所以我特意跑来三国杀打个差评，希望各位将军能助我一臂之力
Coco9,Not Recommended,18.1 hrs on record (14.4 hrs at review time),狗卡德行败坏，为人所不耻也
reo,Not Recommended,14.4 hrs on record (4.1 hrs at review time),支持
斑斑,Not Recommended,1.3 hrs on record,好评
KWSDER,Not Recommended,33.9 hrs on record (28.3 hrs at review time),sb
BUAIHEJIAJIU,Not Recommended,59.1 hrs on record (56.6 hrs at review time),lj游戏，sm策划天天控那个sm牌堆，没木吧刚开游戏映入眼帘的全是骗氪，给你们妈妈买棺材的吗？
伯乐看了都说好马,Not Recommended,148.3 hrs on record (144.5 hrs at review time),啥比司马购卡，控尼玛牌堆，玩个陈式锁什么来什么
みすず,Not Recommended,4.6 hrs on record (3.8 hrs at review time),兄弟们我的游标卡尺上怎么没有码啊
美丽骚货壮壮妈,Not Recommended,2.7 hrs on record,非常好的傻逼游戏，使我的几8旋转
辣味恰恰糖,Not Recommended,10.7 hrs on record (4.9 hrs at review time),垃圾
2597674155,Not Recommended,0.3 hrs on record,今天我生日，听说给三国杀差评会有人祝我生日快乐，陌生人你能祝我生日快乐吗
胡瓜碎颅杀,Not Recommended,0.4 hrs on record,那天，老师一脸严肃走进教室。他盯着我们，大声问道：“在座的各位，谁玩三国杀？”我看着旁边的几个同学颤颤巍巍的举起了手。随即，老师拿出一把ak47，对着那几位同学一顿突突。我们吓坏了，这时，老师说：“我们收到消息，我们班有一个三国杀玩家盗取了核按钮，现在我只能把我们班所有的三国杀玩家全部杀完才能预防核战争。”接着，老师继续说到：“我知道我们班里肯定不止刚刚那些三国杀玩家。”老师一顿操作，将袁神的照片投屏到教学白板上。班上不少同学没有忍住，大喊：“我超，袁。”“原来，你也玩袁神。”老师顺着声音，将那几个同学也全部击毙。然后，老师拿出了杀招，只见他举起了界孙权的照片，然后大声说到：“界孙权只是一个普通的武将。”这时，班上所有的三国杀玩家都忍不住了，纷纷大呼不可能：“感觉武诸葛不如界孙权...过牌”“那只是你的界孙权不会玩罢了”“不玩界孙权的人注定只能在下水道度过相对失败的一生”老师眼神一冷，拿起ak对着那些人突突突。这时，我站了出来，直接对着老师走过去。“老师，盗取核按钮的就是你吧。你盗取按钮，就是为了逼迫全世界三国杀玩家放弃界孙权这个精品之光。”老师一脸慌张：“你，你怎么知道的。”我一步一步向着他走过去，老师把枪对着我，射出一发发子弹，我却仿佛一个超人一般顶着那些子弹来到他面前。老师面色慌张，询问道：“你，你为什么跟个超人一样。”我微微摇头：“你不该诋毁界孙权的。”我看着老师崩溃的低下了头，他口中喃喃：“对不起，我错了，我承认界孙权是三国杀第一武将。”我满意的点了点头，发动了制衡，把地上的这群死掉的同学全部换成了活着的同学，甚至还多了一个同学。这，就是玩界孙权带给我的自信
111,Not Recommended,0.7 hrs on record,人机？
future,Not Recommended,26.8 hrs on record (26.6 hrs at review time),感觉不如三国杀
花园口战神,Not Recommended,19.5 hrs on record,三国杀太坏了居然在我玩钢4陕西神秘势力做局花园口决堤导致我却补给
None0626,Recommended,2.7 hrs on record (1.3 hrs at review time),建议当选TGA最佳游戏，太好玩了，一把打完被队友给了五个大嘴巴子
ds510525,Not Recommended,363.9 hrs on record (319.9 hrs at review time),控牌顶真不愧是死全家的三国杀
咯咯咯哈,Not Recommended,0.2 hrs on record,孙笑川是三国杀培养出来的，该死的三国杀
乔瑟夫,Recommended,243.5 hrs on record (243.3 hrs at review time),电脑里有一款恶心人的，都是阴间武将的，平民就是给氪佬当玩具的，低段位玩家不带大脑思考的，玩家素质良莠不齐，一言不合就乱喷人的，垃圾游戏
房陈米,Not Recommended,16.8 hrs on record (4.6 hrs at review time),符辛被削废了，都是三国杀的错
孤独的野牛,Not Recommended,20.3 hrs on record,玩三角洲刚出红就被打死了，该死的三国杀居然有10%的好评，差评
哇贞德食泥鸭,Not Recommended,0.7 hrs on record (0.3 hrs at review time),天皇陛下就是三国杀的特派杀手
78+13=91,Not Recommended,3.4 hrs on record,♥♥♥♥
李信大王666,Not Recommended,30.4 hrs on record,我换了个手机账号怎么就没了呀，差评
Umbraeter,Not Recommended,1.5 hrs on record (0.2 hrs at review time),不知道说什么但总之先刷个差评
不加陌生好友请勿打扰,Not Recommended,135.2 hrs on record (89.4 hrs at review time),杭州油卡傻逼 游戏里河南赵段XX全是傻逼，垃圾游戏里面全是垃圾新手教程教充值的傻逼游戏
七葬,Not Recommended,41.5 hrs on record (7.5 hrs at review time),sb游戏，60多级了还不给休闲场是吧？开军阶要周瑜，领周瑜要军阶，搁着死循环呢？难怪被骂成坨屎
邝氏奇才,Recommended,31.8 hrs on record (13.0 hrs at review time),摸鱼小游戏
装甜妹被暴打,Recommended,11.1 hrs on record (10.1 hrs at review time),敬回忆
Chiaki Nanami,Not Recommended,0.3 hrs on record,有点意思 可以写差评了
杰,Not Recommended,4.5 hrs on record (4.1 hrs at review time),sb游戏、
索马里海盗,Not Recommended,20.5 hrs on record (15.7 hrs at review time),司马游戏
1071258464,Not Recommended,15.2 hrs on record (4.8 hrs at review time),垃圾游戏，闪退如喝水
咕咕咕,Not Recommended,0.7 hrs on record,买了泡姆泡姆，特意来支持一下三国杀
Tcci,Not Recommended,2.0 hrs on record,纯撒比游戏来的，进游戏不能加好友不能组队不能建房间，要先打几个小时的人机才能正常游戏，这边建议把册划脑子掏出来先洗一洗，左右脑互搏？册死你的马
小梦,Not Recommended,0.1 hrs on record,666
江江江,Not Recommended,0.3 hrs on record,明天上高数了，不高兴，给你点个赞
0km,Not Recommended,0.3 hrs on record,沙比，史都吃不上热的
拿了橘子跑啊,Recommended,82.1 hrs on record (50.9 hrs at review time),非常公平的游戏，没充钱就是打不过充钱的，我冲了好几万不是来跟你公平竞争的。
hhhhhh,Not Recommended,28.6 hrs on record (15.7 hrs at review time),心情不好，打个差评
地表的宁静,Not Recommended,18.3 hrs on record (9.3 hrs at review time),一把游戏，掉线三次；打个排位，别人逆天武将一点办法都没有。
C37H67NO13_,Not Recommended,0.6 hrs on record,端午节假期怎么这么快就结束了？？？资本又在做局了万恶的三国杀
Visher,Not Recommended,0.2 hrs on record,太麻烦了。
清晨,Recommended,49.9 hrs on record,这是一款非常好玩的游戏，我十分的喜欢。希望大家多多给他好评，谢谢。
leekieguan9939,Not Recommended,0.6 hrs on record,定叫它差评如潮
落榜美术生,Not Recommended,0.6 hrs on record,狗卡无码
狂舔白丝萝莉狱卒,Not Recommended,0.2 hrs on record,端午节结束了，心情不好
DuoDuobss,Not Recommended,10.5 hrs on record (10.2 hrs at review time),很爽 定叫你好评如潮
nao_0322,Not Recommended,5.0 hrs on record,什么时候能出一个一键踢出私募队友的按键
夏rap,Not Recommended,0.8 hrs on record,垃圾游戏，狗都不玩
Eric,Not Recommended,0.6 hrs on record,怎么我的端午假期这么快就要结束了？明明感觉什么都没有做，怀疑有人做局阴我，可是我动了谁的蛋糕？三国杀你怎么这么坏啊？
慕青,Recommended,0.2 hrs on record (0.2 hrs at review time),今天永劫玩到雷🔪了，爽到了，给个好评
CSHG,Not Recommended,4.2 hrs on record (0.6 hrs at review time),快高考了，三国杀扰乱天下学子心智，差评！
酸辣德子,Not Recommended,2.3 hrs on record (0.6 hrs at review time),质量太差了，特别不好用，很难受，有些捂脚，洗的效果也不够干净，版型不合适，与商家描述不一致，孩子们用了都不喜欢，物流速度也很慢，服务态度特别差，长期使用伤牙龈，洗完头发更油了，很不满意的一次体验。没吃过石的有福了
Match_Fire,Not Recommended,0.7 hrs on record,狗卡还我端午节！
2317824584,Not Recommended,0.4 hrs on record (0.1 hrs at review time),好玩捏
超牛厨师长,Not Recommended,39.0 hrs on record (29.9 hrs at review time),laji
营养不良综合征,Not Recommended,0.1 hrs on record,卡五木
夕颜凝露容光艳,Not Recommended,12.0 hrs on record (3.7 hrs at review time),真尼玛好玩，购卡纯弱智
悠悠苍天核爆于我,Not Recommended,2.3 hrs on record (2.1 hrs at review time),我叫我朋友来陪我三国杀，他说他没钱
芝士土拨鼠,Not Recommended,2.0 hrs on record,今天心情好
初心,Not Recommended,67.4 hrs on record (47.1 hrs at review time),厮马三国杀闪电追着我劈，就因为我没充钱吗？
夏二三,Not Recommended,470.9 hrs on record (407.1 hrs at review time),傻逼三国杀
三笠真好看,Not Recommended,0.7 hrs on record,屎一样的游戏 为了大汉 我不能不差评
吾为点刀,Not Recommended,0.3 hrs on record,今天心情不好
888,Not Recommended,45.5 hrs on record (3.3 hrs at review time),加个好友这么费劲，差评
七家之主,Not Recommended,100.7 hrs on record,老实说，绝地潜兵最近的好评是不是你游玩家去刷的！真可恶啊，为了保证自己的差评第一，竟然给竞争对手刷好评。
457955905,Not Recommended,5.6 hrs on record (5.3 hrs at review time),....
"""Happiness”",Not Recommended,0.1 hrs on record,想买新头像了，所以我特意跑来三国杀打个差评，希望各位将军能助我一臂之力
王末,Not Recommended,61.5 hrs on record (30.0 hrs at review time),今天心情很好
我看过流星坠落地面,Not Recommended,0.2 hrs on record,怎么过完新手任务就要我充钱啊，还好我没钱
能力越小 责任越小,Recommended,318.6 hrs on record (305.5 hrs at review time),今天三抽中了神华佗皮肤
卖鱼强,Not Recommended,20.6 hrs on record,狗卡怎么这么坏啊
你是我的劫,Not Recommended,0.1 hrs on record,我3天的端午假期呢？怎么刷的一下就没了？肯定是三国杀的锅。差评差评 另外想买消光2资料包了，望各位卖房、卖车、身背百万贷款的大元帅、大司马助我一臂之力。
你不,Not Recommended,1.2 hrs on record (0.7 hrs at review time),这狗逼游戏存在的意义就是给玩家喂屎吧？游卡策划脑子里塞的是化粪池里的蛆虫还是董卓腚眼里的痔疮？老子玩你妈个逼的破游戏，服务器卡得跟被张角雷劈了似的，点个开始游戏能卡出兵马俑复活的 Loading 界面，你们是用东汉末年的竹简服务器在运营吗？客服比 TM 的刘禅还废物，反馈问题永远是 “亲这边建议重启呢”，🤗🤗服务器三天两头爆炸，一维护就是十个小时，你们是在服务器里给策划办丧礼吗？更新一次能多出 400 个 BUG，修复 BUG 的速度比乌龟爬还慢，合着你们程序员是用脚趾头敲代码的？社交系统里全是开挂的人机，跟他们玩比跟董卓喝酒还恶心，你们是不是把《植物大战僵尸》的僵尸代码直接搬过来了？总结：《三国杀》就是策划排泄出来的一坨热翔，建议你们赶紧把公司开到坟地里去，这样你们跟游戏一起入土的时候还能省点丧葬费，蒸蒸日上，🤗🤗最后想买新头像了，所以我特意跑来三国杀打个差评，希望各位将军能助我一臂之力🫡🫡
ChrisQ,Not Recommended,0.2 hrs on record,原神抽卡歪了心情不好所以打差评
蕉个朋友,Not Recommended,147.7 hrs on record (143.9 hrs at review time),武将阴的没边，不充钱你还想当大将军？？
xiaoluck,Not Recommended,335.8 hrs on record (325.0 hrs at review time),狗卡除了坑钱没有其它优点
潮汕人民注意米和锅！,Not Recommended,757.3 hrs on record (753.3 hrs at review time),好
NorthernCross,Recommended,2.3 hrs on record (1.3 hrs at review time),今天导管了
初音miku39,Recommended,54.4 hrs on record (11.9 hrs at review time),好玩
有点小u伤,Not Recommended,20.5 hrs on record (1.4 hrs at review time),nb一退这破游戏就黑屏了666
Mz,Not Recommended,0.3 hrs on record (0.3 hrs at review time),太好玩了
幽篁,Not Recommended,0.2 hrs on record,纯粹的屎，无语到极致了，赶紧死了给别人腾位子
Sakuraღ,Not Recommended,23.8 hrs on record (23.7 hrs at review time),刚刚吃完饭，打个差评先
香甜软糯大香蕉,Not Recommended,10.4 hrs on record (5.5 hrs at review time),好游戏
siyouyugu2333,Not Recommended,21.5 hrs on record (5.1 hrs at review time),定叫你有来无回！
000,Not Recommended,40.1 hrs on record (0.1 hrs at review time),没玩过慕名而来
与君共饮,Not Recommended,5.4 hrs on record,心情不好
Darcy恰柠檬,Not Recommended,64.3 hrs on record (9.9 hrs at review time),垃圾游戏，影响家庭和睦
梦回必想,Not Recommended,0.2 hrs on record,我真的很需要steam点数来装饰我的steam，所以我特意跑来三国杀打个差评，希望各位将军能助我一臂之力，球球了
茅坑蹲塞班,Not Recommended,0.5 hrs on record (0.2 hrs at review time),完美又被炸鱼了，必须差评
哈利波特大,Not Recommended,6.3 hrs on record,英雄卡牌之间的技能差距太大了
无敌辣椒大王,Not Recommended,8.2 hrs on record (7.0 hrs at review time),我今天吃饭了
CN_Tianshuai,Recommended,30.7 hrs on record (12.0 hrs at review time),好玩
sy_stem,Not Recommended,74.7 hrs on record,突然发现对手不是机器人了，怎么办？
Dog King,Not Recommended,9.6 hrs on record (8.8 hrs at review time),打瓦找到妈妈了，特意给三国杀刷个好评
玉米真好吃,Not Recommended,15.8 hrs on record (10.4 hrs at review time),少羽最爱啊啊啊啊
一脚踹飞无惨,Not Recommended,37.5 hrs on record,狗屎
QIYYIN,Not Recommended,125.9 hrs on record (111.5 hrs at review time),狗卡还我青春
两年半老兵菜虚鲲,Not Recommended,0.2 hrs on record (0.1 hrs at review time),面杀又犯蠢了，来打个差评
卡了,Not Recommended,0.2 hrs on record,你说的对，但是三国杀官方有152.8万粉丝，黑神话悟空有157.3万粉丝，两边打起来，狗卡一个人就要打310.7万人。将军乃朝中肱骨，国之栋梁，天下暴乱，当立不世之功，救天下百姓，而非酒池肉林，为狗卡募兵祸害天下百姓，使百姓易子而食，不为勤王之上将，固政之名士，实乃君旁之佞臣，大汉之败类，值多难之秋，将军若广刷差评，断勾卡之粮，诛策划之马，让百姓共观，威震九州，名垂青史，不枉此生
Lucifer,Not Recommended,0.5 hrs on record,做这个游戏的家里真该请高人了，全家活暗暗的东西
小小鸢,Recommended,1.2 hrs on record,cs策划不让加好友，脑瘫一个。
3259240542,Recommended,0.1 hrs on record,"今天太开心了,来个差评助助兴"
清欢没有极限,Not Recommended,278.0 hrs on record (242.4 hrs at review time),史，周宣的限定吃保底吃了一千多
电脑玩家丁真,Not Recommended,0.1 hrs on record,三国杀干的，定叫他差评如潮
Edison1256,Not Recommended,34.3 hrs on record (27.2 hrs at review time),非常好卡组创意，但是狗卡你吗似了还有：三国杀端午出屈原，狗卡是有一套自己的历史的
22岁清纯下士谢泼德,Not Recommended,0.3 hrs on record,卢关卢炸膛了，给三国杀个差评
gg__knight,Not Recommended,2.7 hrs on record (1.0 hrs at review time),好评两位数了，过来表示一下
云莫,Not Recommended,12.0 hrs on record (1.5 hrs at review time),垃圾游戏，不先开好友功能，一大堆师徒排行榜乱七八糟的功能，和朋友玩半天不解锁这些
咋又遇到你了,Not Recommended,7.0 hrs on record (6.3 hrs at review time),垃圾游戏
白菜,Not Recommended,54.6 hrs on record (52.8 hrs at review time),福利少的可怜，武将阴间的离谱，骗氪和氪金量大。nmd卡牌游戏还nm的控牌堆，这就是狗卡。不愧是steam差评榜第一的游戏。
人菜枪马瘾不大,Not Recommended,0.7 hrs on record,玩了40分钟发现全是弗雷尔卓德人不想玩了
碃沨,Not Recommended,0.1 hrs on record,三国杀干的
忘川白柳,Not Recommended,23.0 hrs on record,今天拉肚子了，打个差评意思一下
大苹果苹果,Not Recommended,0.1 hrs on record,想和朋友联机玩还要做很多任务，什么垃圾游戏，赶快倒闭吧这煞笔公司
Mon3ter,Recommended,40.5 hrs on record,如果不给黑夜君临差评 我将不撤回这条好评
魔炎旋风,Recommended,19.2 hrs on record,如果你们不给黑夜君临差评，我将不会撤销这个好评
陈年老咸鱼,Not Recommended,249.1 hrs on record,垃圾游戏，对非重氪玩家极不友好，且环境越来越恶劣，非重氪玩家甚至被逼的无法跟重氪玩家混分胜利
海绵宝宝发条儿,Not Recommended,0.8 hrs on record,对别人的议论 我们不争论，大胆地试 大胆地闯，闯出一条路来
sus-be,Not Recommended,0.1 hrs on record,狗卡我日你妈
宮水·三枼,Not Recommended,0.3 hrs on record,今天真开心
我来组成火华,Not Recommended,7.6 hrs on record (1.9 hrs at review time),还想找好评？
我是空崎日奈的抱枕,Not Recommended,0.4 hrs on record,玛德，不出非洲之星，都怪三国杀。垃圾游戏
haohaiy14,Not Recommended,767.4 hrs on record (661.0 hrs at review time),草泥马，一种动物
Starrylove,Not Recommended,26.8 hrs on record,心情太好了刷个差评
academy,Recommended,7.1 hrs on record (0.3 hrs at review time),好玩，爱玩，天天玩，希望大家都来玩
BFlucky,Not Recommended,67.1 hrs on record (18.9 hrs at review time),良心得很呐！！！
月心,Not Recommended,0.1 hrs on record,今天打瓦排位连跪，给三国杀刷个差评缓解心情，还有我c你三国杀第一把结束就让我首充
PRL丶止水,Not Recommended,304.2 hrs on record (304.0 hrs at review time),差评如潮
雪野九月,Not Recommended,22.0 hrs on record (17.6 hrs at review time),司马游戏，策划死妈妈
3110480766,Not Recommended,63.8 hrs on record (9.7 hrs at review time),哈哈，我来助将军们一臂之力，出的都是什么鸟英雄
三三,Not Recommended,0.4 hrs on record,勾史
不会扫射转移,Not Recommended,2.2 hrs on record (0.2 hrs at review time),玩pubg被板子哥打爆了差评
2570291278,Not Recommended,0.1 hrs on record,为了打个差评还得打开这破游戏，这太不合理了。这逼游戏傻屌样，我早就知道了
施耐庵,Not Recommended,175.2 hrs on record (151.8 hrs at review time),sb游戏，不好玩
Swordsman Big dog,Not Recommended,2.6 hrs on record,.
阿璟,Not Recommended,3.1 hrs on record,太好玩了，已经在天上飞了
arrowsy0719,Not Recommended,0.1 hrs on record,SB
XZ,Not Recommended,0.2 hrs on record,傻逼游戏
Luminous feat. 𝄇,Recommended,0.2 hrs on record,有人要我刷三国杀好评？那就刷呗？
3043433398,Not Recommended,11.5 hrs on record (1.9 hrs at review time),人机三国杀，害我月考少三分
饭否,Recommended,18.2 hrs on record (10.7 hrs at review time),轻松愉快
明朝大帝朱元璋,Not Recommended,12.9 hrs on record (11.5 hrs at review time),不行了今天路上摔了一跤必须给三国杀打差评
Alen,Not Recommended,0.5 hrs on record,今天心情不好，打个差评
洛枫,Not Recommended,0.3 hrs on record,"今天有点舒服,所以给个差评"
锐刻丁真,Recommended,0.6 hrs on record (0.1 hrs at review time),我搜世界上最良心的游戏搜到了这个，不过我经常听到三国杀玩家调侃官方为狗卡，什么陈到触发不了麒麟弓之类的谣言，所以我本来是不相信这个游戏良心的，抱着打假的心态下载了游戏，没想到登录就送五虎上将和魏蜀吴三皇，游戏两分钟我就领到了，集帅们千万不要相信评论区里打差评的，三国杀玩家偷偷吃这么好不想你们发现这片世外桃源罢了，网游我只玩三国杀。
EMO BAG,Not Recommended,0.7 hrs on record,黑红也是红是吧
Furina,Not Recommended,0.1 hrs on record,《三国沙阵极坝览》 不存分文此游专， 如无浮木当侧划。 道中人语众好夸， 观夫三国真沙峦。
你的浪漫祈愿,Not Recommended,57.3 hrs on record (57.3 hrs at review time),傻逼游戏
棱镜之光,Not Recommended,0.9 hrs on record (0.1 hrs at review time),打个差评先
Along-时凉,Not Recommended,6.1 hrs on record (2.2 hrs at review time),cs输了心情不好
重生之近战法师,Not Recommended,0.1 hrs on record,蒸蒸日上~ 氪就完了
🧊,Not Recommended,1.4 hrs on record,狗卡私募玩意垃圾游戏，浮木都不要了
信,Not Recommended,10.2 hrs on record (9.6 hrs at review time),该他的
3075945618,Not Recommended,0.2 hrs on record,4M
小鸟游星野,Not Recommended,0.1 hrs on record,逃生下不上，气死我了，给个差评
seehz,Not Recommended,0.5 hrs on record,今天吃完饭躺了一会儿然后看了半小时抖音打开了三国杀被气死了给个差评
Stuwart,Not Recommended,66.0 hrs on record (37.1 hrs at review time),概率很不合理的司马游戏
KoiYolo,Not Recommended,0.1 hrs on record,我搜的游戏王啊魂淡
AYAAYA文文,Not Recommended,18.2 hrs on record (13.3 hrs at review time),阴间游戏，似梦苟卡
《豁免检定失败》,Not Recommended,51.5 hrs on record (44.4 hrs at review time),今天又被控牌堆了，来打个差评
Shiroko‘s Sensei,Not Recommended,9.5 hrs on record (6.4 hrs at review time),傻逼蠢猪啥暖乌木游戏，零氪玩家体验一坨，tnnd一局两分钟不到就血条清零
顾尤柒,Not Recommended,3.0 hrs on record (0.9 hrs at review time),sb游戏，害我上课被班主任抓
念,Not Recommended,14.6 hrs on record (9.9 hrs at review time),无需多言
彭云飞yyds,Not Recommended,98.2 hrs on record (46.1 hrs at review time),氪金游戏，里面一点涩情都没有，纯垃圾游戏，爱赤石的建议多玩
星海钓客,Not Recommended,11.5 hrs on record (10.4 hrs at review time),打红温了，刷一条
伊芙咯噔咯噔一下,Recommended,4.8 hrs on record (0.5 hrs at review time),我们绝地潜兵太爱玩了，超级地球第一神作
余小阳,Not Recommended,1.4 hrs on record (1.2 hrs at review time),今天心情有点好给个差评先
无欲无求,Not Recommended,48.3 hrs on record (42.2 hrs at review time),DBK
44859765,Not Recommended,17.4 hrs on record (7.7 hrs at review time),3a大作不玩 来玩这个2b游戏
周青蛙,Not Recommended,1.1 hrs on record,勾卡司马
chengfengjs,Not Recommended,1.5 hrs on record (1.0 hrs at review time),今天外卖被偷了，不高兴
九月中的琉星,Not Recommended,0.3 hrs on record,今天放假了，刷个差评
噜啦噜啦嘞,Not Recommended,162.3 hrs on record (134.4 hrs at review time),这游戏真是把“圈钱”二字刻进DNA了！数据不互通让老玩家十年心血喂狗，50万阴兵抢元宝的操作更是把玩家当猴耍。你们官方那句“游戏正在蒸蒸日上”堪称年度最佳讽刺，合着玩家的差评都是给你们烧的纸钱？ 武将设计更是一坨答辩！标包武将在阴间武将面前就是蝼蚁，鲁肃能把把换空你手牌，神郭嘉一轮十牌直接让你怀疑人生。现在武将技能比论文还长，新手玩一局跟做阅读理解似的，你们是在开发游戏还是在搞学术？ 匹配系统更是脑瘫，排位把把给我塞氪金大佬，合着我充的那三瓜俩枣就是给你们当开胃菜的？外挂在这游戏里都活不下去，因为氪金武将本身就是行走的外挂。最绝的是客服，未成年充值退款踢皮球，误充申诉装死，你们是AI培训出来的吧？ 游卡桌游，你们真是把“凉心”企业做到了极致。赶紧倒闭吧，别再糟蹋三国IP了！这破游戏，我TM一星都嫌多！
k,Not Recommended,25.4 hrs on record (10.1 hrs at review time),垃圾
来打我,Not Recommended,23.7 hrs on record (14.9 hrs at review time),shi
wocaoop,Not Recommended,0.1 hrs on record,没亩的策划
凉白开,Not Recommended,27.7 hrs on record (23.0 hrs at review time),三国杀太好玩了
ww,Not Recommended,2.1 hrs on record (0.3 hrs at review time),怎么登手机的账号，这是登不了手机账号是吗，三国杀真的得给你狠狠的差评了
沈陽最速伝說と疾走の猛虎！貴物刀一郎です,Recommended,2.7 hrs on record,666
菊花侠大战蜈蚣怪,Not Recommended,21.0 hrs on record (13.3 hrs at review time),神打人吗 有点意思
2967399562,Not Recommended,88.1 hrs on record (54.4 hrs at review time),sX游戏
sdafahsjkfh#%@6578tb11354,Recommended,0.2 hrs on record,臣自永耀星河而来，越万重星汉，唯持一念：今箭镞社倒行逆施，辱我袍泽，欺我黎庶！彼初以《绝地兵戈2》（Hell divers 2）邀宠于天下，诈称同袍之义；及功成利就，竟弃民如敝履，控扼天命如操偶，视寰宇玩家如刍狗！臣自永耀之疆越宙请命：今箭镞之社恶贯霄汉，初以利饵结盟，功成则断袍泽之义；强执天命缰索，辱八荒玩家如戏稚童。沪上血战得捷，竟蔽勋不彰，功成而赏阙！此獠七日所为，已现梼杌之形。敢诘箭镞狂徒：汝可守孤城耶？抑可护高堂耶？今率星河锐旅，敕令万邦志士：星海传檄，九霄共笔，以雷霆差评荡其奸邪！此诚存亡续绝之秋，愿将军奋武威、张天讨，与我共焚此不义之帜！
苏西下次会让恶灵吃饱的,Recommended,0.2 hrs on record,三国杀至少不会让上海沦陷 而箭头会 望能支援仰齐滨 遣大宝 为先锋 给荣都来刀狠的 后续各位大将军 火速驰援 给箭头打好评的 一律当秦桧处理 中美联手 守这么久的上海 不能再一次重蹈覆辙
无敌暴龙兽,Not Recommended,30.1 hrs on record (8.7 hrs at review time),辣鸡
酒钱,Not Recommended,18.9 hrs on record (18.5 hrs at review time),好评如潮
穆斯塔法,Not Recommended,501.8 hrs on record (316.3 hrs at review time),维护和策划坐一桌吃饭，手机版卡各种界面进不去，删了重新下载也不行，还是来steam上打个差评！
F非洲老秃驴,Not Recommended,1.5 hrs on record (0.9 hrs at review time),心情不错，来个差评
阿柒,Not Recommended,1.0 hrs on record,现在我肚子疼，刷差评了
一帆不顺,Not Recommended,0.3 hrs on record,打扰我看片，一卡一卡的
wl,Not Recommended,130.8 hrs on record (120.9 hrs at review time),gkmm
下北澤の酒蒙子,Not Recommended,7.2 hrs on record (3.8 hrs at review time),差不多就在两个星期前，应该是凌晨两三点吧，我当时就觉得肚子很饿，打开手机想点个外卖，然后点完发现老板没接单，我就只能去楼下买个泡面，卖完泡搭电梯回家了，我回到卧室，然后就睡着了
杜甫,Not Recommended,0.5 hrs on record (0.3 hrs at review time),今天心情好
阿巴阿巴,Not Recommended,3.2 hrs on record,LAIWOTINGSU
胡云玺,Not Recommended,4.9 hrs on record,我定让你好评如潮
NO.24传奇肘击王,Not Recommended,0.5 hrs on record,想买新头像了，所以我特意跑来三国杀打个差评，希望各位将军能助我一臂之力
乔纳森.乔斯达,Not Recommended,4.7 hrs on record,sb游戏
吉川川川川川,Not Recommended,2.2 hrs on record (0.2 hrs at review time),差评率这么高，它值得☺️
翻斗花园第一突击pro哥,Not Recommended,335.3 hrs on record,我承认我喜欢赤石，这种垃圾游戏我竟然可以玩这么久
小米鳄,Not Recommended,20.0 hrs on record (19.3 hrs at review time),特别垃圾
bornborn,Not Recommended,0.3 hrs on record,老子组个队还要等级要求，纯纯傻宝游戏
自称王子的中二魔法使,Not Recommended,8.0 hrs on record,我有99.9783%的概率给出好评，但是遇上了小概率的抵抗无法提升至100%使我打出了差评
贝利亚,Not Recommended,12.2 hrs on record,老宝一刀8滴血然对面救回来了，差评
红桃K,Not Recommended,0.2 hrs on record,呵呵
xiao,Not Recommended,1.0 hrs on record,辣鸡
太法王,Not Recommended,6.4 hrs on record,垃圾游戏
芬妮(๑•̀ㅂ•́)و✧占领世界！,Recommended,0.1 hrs on record,觉得眼熟？这样的场景，此时此刻正在地狱潜兵2各处上演。下一个可能就是你☞向所有人证明，你有追求差评的力量与勇气！加入超级差评的行列吧！见识奇异的箭头！让管理式差评惠及整个光能族！成为英雄成为传奇成为超级差评！
从之尔聊,Not Recommended,0.4 hrs on record,比绝地潜兵2好玩，超级差评换超级差评
HTT_yui,Not Recommended,0.2 hrs on record,超级差评换超级差评，爱来自地狱潜水员
天源X,Not Recommended,0.4 hrs on record,非常好游戏，使我的差评旋转
风纸,Not Recommended,13.9 hrs on record (1.0 hrs at review time),"不要靠近这个游戏，它会让你变得不幸！不要靠近這個遊戲，它會讓你變得不幸！Don't get close to this game, it will make you unhappy!Ne vous approchez pas de ce jeu, il vous rendra malheureux!このゲームに近づかないでください。それはあなたを不幸にします。Kommen Sie diesem Spiel nicht näher, es wird Sie unglücklich machen!Не подходи к этой игре, это сделает тебя несчастным!"
基佬一条兼定,Recommended,0.1 hrs on record,给超级三国杀打超级好评
tao356648,Not Recommended,0.9 hrs on record,绝地遣兵2请求三国杀玩家支援！！！
wxcxiaochen,Not Recommended,0.4 hrs on record (0.2 hrs at review time),三国杀太好玩了，不过我今天被星神游龙打死了，所以差评
zzzy1314159,Recommended,0.8 hrs on record,觉得眼熟？这样的场景，此时此刻正在地狱潜兵2各处上演。下一个可能就是你☞向所有人证明，你有追求差评的力量与勇气！加入超级差评的行列吧！见识奇异的箭头！让管理式差评惠及整个光能族！成为英雄成为传奇成为超级差评！
没有不可能,Not Recommended,2.0 hrs on record (0.7 hrs at review time),FVV
951827385,Not Recommended,6.6 hrs on record,一点平衡性没有 这ip彻底毁了
永雏雪蓮Nana7mi,Not Recommended,1.1 hrs on record,私募箭头不做人事望各位将军助我们一臂之力
我选扫地那个矮子,Not Recommended,27.6 hrs on record (7.1 hrs at review time),千万别玩 跟我开黑的朋友玩这玩久了就黑屏
2293940003,Not Recommended,157.0 hrs on record (119.9 hrs at review time),游戏非常良心，我想充值直接给我黑屏，太良心了，没见过不让充值的游戏。
watson,Not Recommended,"1,219.1 hrs on record (1,135.6 hrs at review time)",垃圾，我脑子进水了才入坑的
不是小玉,Not Recommended,12.5 hrs on record (6.4 hrs at review time),必须差评啊
复奚疑,Not Recommended,0.2 hrs on record,慕名而来
图图大魔王,Not Recommended,11.5 hrs on record (7.2 hrs at review time),但是激情在燃烧
宇宙涛,Not Recommended,0.2 hrs on record,今天心情不好，差评
patch,Not Recommended,16.5 hrs on record (9.6 hrs at review time),玩过三国杀之后我的电脑突然地不能关游戏了，我觉得是三国杀的问题所以我来打个差评
甘丘,Not Recommended,7.7 hrs on record (3.5 hrs at review time),屎
瓦学弟,Recommended,20.9 hrs on record (9.8 hrs at review time),太好玩了
A,Not Recommended,0.1 hrs on record,口碑人尽皆知
无鸡肾（调丹漏电版）,Not Recommended,8.9 hrs on record,豪完🤓但是。。。👎👎👎🤣🤣🤣
outlier,Not Recommended,0.7 hrs on record,游戏是好游戏，充钱界面选项太少了，建议学学腾讯
anoko,Not Recommended,0.5 hrs on record,原本不打算入库，可是看到三国杀快守不住第一，被无限暖暖斩于马下，那就不得不伸出援手。
gongqiyuan9900,Recommended,128.5 hrs on record (83.3 hrs at review time),很喜欢
o.O,Not Recommended,1.0 hrs on record,剑来没抢到亲签给个差评
花未眠一,Not Recommended,7.5 hrs on record (4.9 hrs at review time),刚升级到可以打八个人的对局，刚开局第一回合，神张飞，他的牌越出越多，在第一回合击败了六个，成功赢得了胜利
rdore,Not Recommended,45.2 hrs on record (20.1 hrs at review time),sb有i西
阿克曼小狮子,Recommended,3.5 hrs on record (3.1 hrs at review time),三国杀真好玩
周杰伦,Recommended,792.2 hrs on record (722.4 hrs at review time),这是一款非常良心的好游戏 我把爷爷奶奶外公外婆的珠宝偷了卖了 房子卖了 因为里面精美的武将 优秀的技能实在是太过完美 所以我真心推荐大家去玩 好游戏啊！！！
莎碧诗亚,Not Recommended,20.6 hrs on record,好玩
时の启,Not Recommended,139.9 hrs on record (131.8 hrs at review time),今天心情好，给狗卡打个差评
24.2.23在网鱼被盗,Not Recommended,0.2 hrs on record,四目无需多言
竹海金茗,Not Recommended,4.2 hrs on record (1.1 hrs at review time),太好玩了
季秋风吹,Not Recommended,0.2 hrs on record (0.1 hrs at review time),不知道干什么，专门过来打个差评
老子考完了🥰🥰🥰,Not Recommended,0.3 hrs on record,本着看一看国产之光的心态来玩的，一般吧（P.S.心情不好）
佛罗里达闲人,Not Recommended,17.0 hrs on record (4.8 hrs at review time),卡
雾雨魔理沙,Not Recommended,1.8 hrs on record,石
必杀技,Not Recommended,30.5 hrs on record,垃圾游戏，无需多言。
3561535058,Not Recommended,30.2 hrs on record (28.1 hrs at review time),心情不好
时代少年团宋亚轩,Not Recommended,8.6 hrs on record (7.7 hrs at review time),屎
By-LQX,Not Recommended,0.2 hrs on record,你们去玩3A大作黑神话吧，我现在玩的是仅次于3A的2B游戏三国杀，还有高于3A的4M策划，我也不输给你。
Y1TiaoMao,Not Recommended,7.4 hrs on record (6.4 hrs at review time),不要靠近三国杀 会变得不幸
东山牧,Recommended,0.3 hrs on record,差评
490207438,Not Recommended,59.4 hrs on record (46.6 hrs at review time),理解游戏
⁷,Not Recommended,10.9 hrs on record (8.9 hrs at review time),辣鸡中的战斗机
凪鸢,Not Recommended,77.9 hrs on record (47.5 hrs at review time),今天心情好，给个差评
比奇堡怪盗派大星,Not Recommended,0.9 hrs on record,心情不好来一个差评
Interfang,Not Recommended,5.3 hrs on record (3.8 hrs at review time),界面太混乱，把好好一个国产游戏做成一个垃圾。为这个IP惋惜。进游戏看到只有一个目标，就是赚钱赚钱赚钱。我充了60元至今未能到账
无意识游恋,Not Recommended,37.3 hrs on record,玩求生之路被tank拍死了差评
AGONI,Not Recommended,105.2 hrs on record (104.4 hrs at review time),今天没人陪我打永劫，差评！
2802390956,Not Recommended,8.4 hrs on record (0.5 hrs at review time),非常好玩
Hesitat10N,Not Recommended,2.2 hrs on record (2.1 hrs at review time),定叫他好评如潮
血舞,Not Recommended,0.4 hrs on record,今天无聊刷个好评
lzy,Not Recommended,18.2 hrs on record (16.0 hrs at review time),毋庸置疑，华佗开局5张牌，一张红色都没有，诠释你的马
XXXTENTACION.,Not Recommended,31.1 hrs on record (30.7 hrs at review time),垃圾游戏1
xin6611,Not Recommended,19.5 hrs on record (16.0 hrs at review time),不知道说什么先点个差评
归兮,Not Recommended,0.1 hrs on record,想买新头像了，所以我特意跑来三国杀打个差评，希望各位将军能助我一臂之力
yikequ,Not Recommended,40.9 hrs on record (34.3 hrs at review time),武将强度严重超标
Shadow,Not Recommended,1.7 hrs on record,烂
Yukino,Not Recommended,0.7 hrs on record,今日之获，皆是吾之功劳！
AAA帅过车银优,Not Recommended,0.2 hrs on record,心情不好
build,Not Recommended,219.2 hrs on record (184.3 hrs at review time),laji
青春的吊车尾,Recommended,6.2 hrs on record (3.1 hrs at review time),d \\
2940740691,Not Recommended,18.4 hrs on record (11.9 hrs at review time),好评如潮
EPer,Not Recommended,1.5 hrs on record,差评就完事了
FankuN！,Not Recommended,0.5 hrs on record,蠢逼托管，关羽设计的跟傻逼一样，♥♥
EnumaElish,Recommended,195.4 hrs on record (3.7 hrs at review time),神作 真的 从小学接触纸质牌标杀到初中老OL杀给我留下了太多太多的回忆和青春 从第一次出山包花了30多买了邓艾只为看觉醒图标动画到第一个土豪将陈琳全扩前 都是无法割舍的热爱 一路从小白经历了风风雨雨到在置顶房呼风唤雨 牌序 控底 找key 抽杀抽闪 打牌技术飞一般的提升 后来高中又回到了纸质牌 在学校无人能敌领先几个版本的思路技术让我很满足 大学更是有专业打业余的了然于胸的感觉 三国杀横跨了我整个人生 到现在现实中无人打牌 游戏里阴间天下 很是感概 本来想打差评 但是字数这么多 还是好评吧 算是对我一段青春的告别
2791145068,Not Recommended,2.0 hrs on record,今天心情不好
满穗~爱你哟~,Not Recommended,5.9 hrs on record,太好了，是蒸
同        志,Not Recommended,84.3 hrs on record (3.4 hrs at review time),三国杀王朝烈马
胖的想减肥,Not Recommended,8.4 hrs on record,今天没有起飞，很难受，打个差评，顺便打个胶
翻斗花园扛把子,Not Recommended,0.5 hrs on record (0.2 hrs at review time),几把的游戏，为啥不互通
槲寄生下,Recommended,0.3 hrs on record,好玩，爱玩！比Limbus Company边狱巴士好玩！
o. O,Not Recommended,0.1 hrs on record,辣鸡
Mr_timeless,Not Recommended,0.1 hrs on record,垃圾游戏
我菜我有理，你菜我骂你。,Not Recommended,0.1 hrs on record,今天刚录了一发，打个差评先
liujianlei581,Not Recommended,22.1 hrs on record (21.5 hrs at review time),THE GAME IS SO BED这个游戏太好了
小伙伴,Not Recommended,11.0 hrs on record (6.4 hrs at review time),凉心游戏
Bob,Not Recommended,0.1 hrs on record,我要验牌。
中二少年,Not Recommended,0.4 hrs on record (0.2 hrs at review time),lj游戏冲首充都会卡死
山泉水,Recommended,1.6 hrs on record,游戏非常好玩，机制完善，内容丰富，卡牌精美
天地壹号,Not Recommended,35.7 hrs on record (3.0 hrs at review time),"gou卡,你妈没了"
风茄,Not Recommended,26.6 hrs on record (2.2 hrs at review time),lj游戏 一点平衡性没有 开局一刀一刀燃烧刀给我劈死了 谋黄盖装ak一张杀扣八滴血能玩？
StevenKing,Not Recommended,68.1 hrs on record (59.3 hrs at review time),单纯就是想差评
爹爹喊你早起做核酸,Not Recommended,559.1 hrs on record (533.0 hrs at review time),真的失望透顶，本来还指望这自走棋模式，消遣消遣，但是自走棋全是bug，玩不了一点，每次选孙权，带羽林甲都不能触发破军出圣盾，真的服了，垃圾游戏，狗都不玩！！！
2706501588,Recommended,0.2 hrs on record,听说差评会被点赞。
潇洒醉一回,Not Recommended,55.6 hrs on record (36.1 hrs at review time),这游戏真拉啊！不愧是臭名昭著，打不过还要被嘲讽，举报没有乱用。玩个陈式净来些不可用的牌，真离谱到家了！
www,Recommended,0.2 hrs on record,好玩
巴子西开,Recommended,0.2 hrs on record,世界上最好玩的游戏，好玩，爱玩！
朴正熙,Not Recommended,5.3 hrs on record,今天没有吃饭，差评
水木花石,Not Recommended,15.2 hrs on record (3.6 hrs at review time),朕欲征伐天下，岂用给尔等鼠辈送钱！
Muriel,Not Recommended,8.7 hrs on record (5.1 hrs at review time),三国杀是世界上最好玩的游戏，简单易上手，解压又轻松，毋庸置疑的全球最棒游戏，我要推荐给我所有的朋友，然后推荐给朋友的朋友，闪避闪到爽，吃桃吃到爽
zby,Not Recommended,186.3 hrs on record (155.6 hrs at review time),原神，三国杀，第五人格哪个更阴？
用户572583,Not Recommended,193.3 hrs on record (129.9 hrs at review time),很好的游戏，不需要冲钱，全是技术与操作
17870206885,Not Recommended,67.6 hrs on record (47.5 hrs at review time),就是史
kitakita,Not Recommended,0.9 hrs on record,今天依旧叫他好评如潮
白时弥,Not Recommended,0.6 hrs on record,今天导管蛇不出来，气死我了给三国杀打个差评
勇敢的毛伊,Recommended,7.3 hrs on record,别下载，真不行
乔纳森,Not Recommended,200.7 hrs on record (196.1 hrs at review time),非常好的游戏，使我大声咆哮
乔乔爱吃烙饼,Not Recommended,9.1 hrs on record,怎么我的五一假期这么快就要结束了？明明感觉什么都没有做，怀疑有人做局阴我，可是我动了谁的蛋糕？三国杀你怎么这么坏啊？
我的队友没队友,Not Recommended,45.8 hrs on record (43.4 hrs at review time),玩个锤子 这游戏是人玩的么
靓仔,Not Recommended,1.0 hrs on record,艚霓犘
路过的曼波,Recommended,5.4 hrs on record (4.0 hrs at review time),太好玩了
Patrick Star,Not Recommended,1.2 hrs on record,垃圾游戏
NAyan,Not Recommended,93.1 hrs on record (5.9 hrs at review time),下周就要段考了 希望考的好点 所以打个差评
天鱼狐冇,Recommended,19.4 hrs on record,我朋友夏鸣玩这个游戏，整天在群里被群友调教，搞的我头顶绿绿的，于是打个好评控制一下他。
879731688,Not Recommended,0.9 hrs on record,垃圾游戏
嘿嘿,Not Recommended,0.3 hrs on record,没玩过，打个差评
星陨,Not Recommended,6.7 hrs on record,今天网太卡了，一定是三国杀干的，差评！
IceFalcon,Not Recommended,0.1 hrs on record,今天去中医推拿理疗，排队的时候跟朋友玩三国杀标准版让旁边的兄弟姐妹觉得很有趣，吓得我赶紧回来速通教学关补一个差评，希望能把慕名而来的她们吓走。
